SET IDENTITY_INSERT [dbo].[Cities] ON 

INSERT [dbo].[Cities] ([Id], [ProvinceId], [Name], [CreatedBy], [CreatedDate], [UpdatedBy], [UpdatedDate]) VALUES (4, 3, N'Jakarta Selatan', NULL, CAST(N'2024-01-23T03:29:29.5930170' AS DateTime2), NULL, NULL)
INSERT [dbo].[Cities] ([Id], [ProvinceId], [Name], [CreatedBy], [CreatedDate], [UpdatedBy], [UpdatedDate]) VALUES (8, 3, N'Jakarta timur', N'Argi Purwanto', CAST(N'2024-02-02T14:35:58.7724610' AS DateTime2), NULL, NULL)
INSERT [dbo].[Cities] ([Id], [ProvinceId], [Name], [CreatedBy], [CreatedDate], [UpdatedBy], [UpdatedDate]) VALUES (9, 3, N'Jakarta barat', N'Argi Purwanto', CAST(N'2024-02-02T14:36:07.6084627' AS DateTime2), NULL, NULL)
INSERT [dbo].[Cities] ([Id], [ProvinceId], [Name], [CreatedBy], [CreatedDate], [UpdatedBy], [UpdatedDate]) VALUES (10, 3, N'Jakarta utara', N'Argi Purwanto', CAST(N'2024-02-02T14:36:19.1491572' AS DateTime2), NULL, NULL)
SET IDENTITY_INSERT [dbo].[Cities] OFF
GO
SET IDENTITY_INSERT [dbo].[Companies] ON 

INSERT [dbo].[Companies] ([Id], [CityId], [ProvinceId], [CountryId], [Name], [Phone], [Email], [Website], [VAT], [Street1], [Street2], [Zip], [CurrencyId], [Logo], [CreatedBy], [CreatedDate], [UpdatedBy], [UpdatedDate]) VALUES (4, 4, 3, 41, N'McDermott', N'1283712', N'McDermott@gmail.com', NULL, N'123', N'Jakarta', N'12345', N'12345', 7123123, N'', NULL, CAST(N'2024-01-25T07:19:11.4987518' AS DateTime2), N'Argi Purwanto', CAST(N'2024-02-06T13:53:34.6539557' AS DateTime2))
SET IDENTITY_INSERT [dbo].[Companies] OFF
GO
SET IDENTITY_INSERT [dbo].[Counters] ON 

INSERT [dbo].[Counters] ([Id], [Name], [IsActive], [CreatedBy], [CreatedDate], [UpdatedBy], [UpdatedDate]) VALUES (2, N'Counter A', 1, N'Argi P', CAST(N'2024-02-20T16:43:13.7407655' AS DateTime2), NULL, NULL)
SET IDENTITY_INSERT [dbo].[Counters] OFF
GO
SET IDENTITY_INSERT [dbo].[Countries] ON 

INSERT [dbo].[Countries] ([Id], [Name], [Code], [CreatedBy], [CreatedDate], [UpdatedBy], [UpdatedDate]) VALUES (41, N'INA', N'001', NULL, CAST(N'2024-01-23T03:24:47.8773798' AS DateTime2), NULL, NULL)
INSERT [dbo].[Countries] ([Id], [Name], [Code], [CreatedBy], [CreatedDate], [UpdatedBy], [UpdatedDate]) VALUES (122, N'Venezuela', N'VE', N'Administrator', CAST(N'2024-02-13T13:35:54.2338166' AS DateTime2), NULL, NULL)
INSERT [dbo].[Countries] ([Id], [Name], [Code], [CreatedBy], [CreatedDate], [UpdatedBy], [UpdatedDate]) VALUES (123, N'France', N'FR', N'Administrator', CAST(N'2024-02-13T13:35:54.2338198' AS DateTime2), NULL, NULL)
INSERT [dbo].[Countries] ([Id], [Name], [Code], [CreatedBy], [CreatedDate], [UpdatedBy], [UpdatedDate]) VALUES (124, N'China', N'CN', N'Administrator', CAST(N'2024-02-13T13:35:54.2338203' AS DateTime2), NULL, NULL)
INSERT [dbo].[Countries] ([Id], [Name], [Code], [CreatedBy], [CreatedDate], [UpdatedBy], [UpdatedDate]) VALUES (125, N'Serbia', N'RS', N'Administrator', CAST(N'2024-02-13T13:35:54.2338207' AS DateTime2), NULL, NULL)
INSERT [dbo].[Countries] ([Id], [Name], [Code], [CreatedBy], [CreatedDate], [UpdatedBy], [UpdatedDate]) VALUES (126, N'Sweden', N'SE', N'Administrator', CAST(N'2024-02-13T13:35:54.2338211' AS DateTime2), NULL, NULL)
INSERT [dbo].[Countries] ([Id], [Name], [Code], [CreatedBy], [CreatedDate], [UpdatedBy], [UpdatedDate]) VALUES (127, N'Philippines', N'PH', N'Administrator', CAST(N'2024-02-13T13:35:54.2338214' AS DateTime2), NULL, NULL)
INSERT [dbo].[Countries] ([Id], [Name], [Code], [CreatedBy], [CreatedDate], [UpdatedBy], [UpdatedDate]) VALUES (128, N'Lithuania', N'LT', N'Administrator', CAST(N'2024-02-13T13:35:54.2338216' AS DateTime2), NULL, NULL)
INSERT [dbo].[Countries] ([Id], [Name], [Code], [CreatedBy], [CreatedDate], [UpdatedBy], [UpdatedDate]) VALUES (129, N'Azerbaijan', N'AZ', N'Administrator', CAST(N'2024-02-13T13:35:54.2338220' AS DateTime2), NULL, NULL)
INSERT [dbo].[Countries] ([Id], [Name], [Code], [CreatedBy], [CreatedDate], [UpdatedBy], [UpdatedDate]) VALUES (130, N'Russia', N'RU', N'Administrator', CAST(N'2024-02-13T13:35:54.2338223' AS DateTime2), NULL, NULL)
INSERT [dbo].[Countries] ([Id], [Name], [Code], [CreatedBy], [CreatedDate], [UpdatedBy], [UpdatedDate]) VALUES (131, N'Portugal', N'PT', N'Administrator', CAST(N'2024-02-13T13:35:54.2338227' AS DateTime2), NULL, NULL)
INSERT [dbo].[Countries] ([Id], [Name], [Code], [CreatedBy], [CreatedDate], [UpdatedBy], [UpdatedDate]) VALUES (132, N'Iceland', N'IS', N'Administrator', CAST(N'2024-02-13T13:35:54.2338230' AS DateTime2), NULL, NULL)
INSERT [dbo].[Countries] ([Id], [Name], [Code], [CreatedBy], [CreatedDate], [UpdatedBy], [UpdatedDate]) VALUES (133, N'United States', N'US', N'Administrator', CAST(N'2024-02-13T13:35:54.2338233' AS DateTime2), NULL, NULL)
INSERT [dbo].[Countries] ([Id], [Name], [Code], [CreatedBy], [CreatedDate], [UpdatedBy], [UpdatedDate]) VALUES (134, N'Gabon', N'GA', N'Administrator', CAST(N'2024-02-13T13:35:54.2338236' AS DateTime2), NULL, NULL)
INSERT [dbo].[Countries] ([Id], [Name], [Code], [CreatedBy], [CreatedDate], [UpdatedBy], [UpdatedDate]) VALUES (135, N'Argentina', N'AR', N'Administrator', CAST(N'2024-02-13T13:35:54.2338239' AS DateTime2), NULL, NULL)
INSERT [dbo].[Countries] ([Id], [Name], [Code], [CreatedBy], [CreatedDate], [UpdatedBy], [UpdatedDate]) VALUES (136, N'Ukraine', N'UA', N'Administrator', CAST(N'2024-02-13T13:35:54.2338242' AS DateTime2), NULL, NULL)
INSERT [dbo].[Countries] ([Id], [Name], [Code], [CreatedBy], [CreatedDate], [UpdatedBy], [UpdatedDate]) VALUES (137, N'Indonesia', N'ID', N'Administrator', CAST(N'2024-02-13T13:35:54.2338263' AS DateTime2), NULL, NULL)
INSERT [dbo].[Countries] ([Id], [Name], [Code], [CreatedBy], [CreatedDate], [UpdatedBy], [UpdatedDate]) VALUES (138, N'Denmark', N'DK', N'Administrator', CAST(N'2024-02-13T13:35:54.2338267' AS DateTime2), NULL, NULL)
INSERT [dbo].[Countries] ([Id], [Name], [Code], [CreatedBy], [CreatedDate], [UpdatedBy], [UpdatedDate]) VALUES (139, N'Ivory Coast', N'CI', N'Administrator', CAST(N'2024-02-13T13:35:54.2338271' AS DateTime2), NULL, NULL)
INSERT [dbo].[Countries] ([Id], [Name], [Code], [CreatedBy], [CreatedDate], [UpdatedBy], [UpdatedDate]) VALUES (140, N'Poland', N'PL', N'Administrator', CAST(N'2024-02-13T13:35:54.2338275' AS DateTime2), NULL, NULL)
INSERT [dbo].[Countries] ([Id], [Name], [Code], [CreatedBy], [CreatedDate], [UpdatedBy], [UpdatedDate]) VALUES (141, N'Netherlands', N'NL', N'Administrator', CAST(N'2024-02-13T13:35:54.2338278' AS DateTime2), NULL, NULL)
INSERT [dbo].[Countries] ([Id], [Name], [Code], [CreatedBy], [CreatedDate], [UpdatedBy], [UpdatedDate]) VALUES (142, N'Morocco', N'MA', N'Administrator', CAST(N'2024-02-13T13:35:54.2338281' AS DateTime2), NULL, NULL)
INSERT [dbo].[Countries] ([Id], [Name], [Code], [CreatedBy], [CreatedDate], [UpdatedBy], [UpdatedDate]) VALUES (143, N'Afghanistan', N'AF', N'Administrator', CAST(N'2024-02-13T13:35:54.2338284' AS DateTime2), NULL, NULL)
INSERT [dbo].[Countries] ([Id], [Name], [Code], [CreatedBy], [CreatedDate], [UpdatedBy], [UpdatedDate]) VALUES (144, N'Israel', N'IL', N'Administrator', CAST(N'2024-02-13T13:35:54.2338287' AS DateTime2), NULL, NULL)
INSERT [dbo].[Countries] ([Id], [Name], [Code], [CreatedBy], [CreatedDate], [UpdatedBy], [UpdatedDate]) VALUES (145, N'Malaysia', N'AF', N'Administrator', CAST(N'2024-02-13T13:40:08.7491571' AS DateTime2), NULL, NULL)
SET IDENTITY_INSERT [dbo].[Countries] OFF
GO
SET IDENTITY_INSERT [dbo].[CronisCategories] ON 

INSERT [dbo].[CronisCategories] ([Id], [Name], [Description], [CreatedBy], [CreatedDate], [UpdatedBy], [UpdatedDate]) VALUES (3, N'A00-A09: Penyakit menular bakterial', NULL, NULL, CAST(N'2024-01-26T09:26:40.5580884' AS DateTime2), NULL, NULL)
INSERT [dbo].[CronisCategories] ([Id], [Name], [Description], [CreatedBy], [CreatedDate], [UpdatedBy], [UpdatedDate]) VALUES (4, N'A15-A19: Penyakit menular protozoa', NULL, NULL, CAST(N'2024-01-26T09:27:04.6676962' AS DateTime2), NULL, NULL)
INSERT [dbo].[CronisCategories] ([Id], [Name], [Description], [CreatedBy], [CreatedDate], [UpdatedBy], [UpdatedDate]) VALUES (5, N'E00-E35: Penyakit endokrin', NULL, NULL, CAST(N'2024-01-26T09:27:29.9981985' AS DateTime2), NULL, NULL)
INSERT [dbo].[CronisCategories] ([Id], [Name], [Description], [CreatedBy], [CreatedDate], [UpdatedBy], [UpdatedDate]) VALUES (6, N'E40-E68: Penyakit gizi', NULL, NULL, CAST(N'2024-01-26T09:27:42.0228680' AS DateTime2), NULL, NULL)
SET IDENTITY_INSERT [dbo].[CronisCategories] OFF
GO
SET IDENTITY_INSERT [dbo].[Departments] ON 

INSERT [dbo].[Departments] ([Id], [Name], [ParentId], [ParentName], [CompanyId], [DepartmentCategory], [Manager], [CreatedBy], [CreatedDate], [UpdatedBy], [UpdatedDate]) VALUES (4, N'Perawat', 4, N'Perawat', 4, N'Unit', N'Wahyu', NULL, CAST(N'2024-01-25T07:26:01.3116304' AS DateTime2), N'Administrator', CAST(N'2024-02-13T13:33:28.5842990' AS DateTime2))
INSERT [dbo].[Departments] ([Id], [Name], [ParentId], [ParentName], [CompanyId], [DepartmentCategory], [Manager], [CreatedBy], [CreatedDate], [UpdatedBy], [UpdatedDate]) VALUES (5, N'IGD', 5, N'IGD', 4, N'Department', N'Joko', NULL, CAST(N'2024-01-26T03:33:31.1156802' AS DateTime2), N'Administrator', CAST(N'2024-02-13T13:20:57.3665424' AS DateTime2))
INSERT [dbo].[Departments] ([Id], [Name], [ParentId], [ParentName], [CompanyId], [DepartmentCategory], [Manager], [CreatedBy], [CreatedDate], [UpdatedBy], [UpdatedDate]) VALUES (6, N'Pranowo', 4, N'Perawat', 4, N'Department', NULL, N'Administrator', CAST(N'2024-02-13T13:24:19.9559388' AS DateTime2), N'Administrator', CAST(N'2024-02-13T13:29:12.5965322' AS DateTime2))
SET IDENTITY_INSERT [dbo].[Departments] OFF
GO
SET IDENTITY_INSERT [dbo].[Diagnoses] ON 

INSERT [dbo].[Diagnoses] ([Id], [Name], [Code], [DiseaseCategoryId], [CronisCategoryId], [CreatedBy], [CreatedDate], [UpdatedBy], [UpdatedDate]) VALUES (4, N'Cholera due to Vibrio cholerae 01, biovar cholerae', N'A00.0', 11, 3, NULL, CAST(N'2024-01-26T10:55:01.2436367' AS DateTime2), NULL, NULL)
INSERT [dbo].[Diagnoses] ([Id], [Name], [Code], [DiseaseCategoryId], [CronisCategoryId], [CreatedBy], [CreatedDate], [UpdatedBy], [UpdatedDate]) VALUES (5, N'Cholera due to Vibrio cholerae 01, biovar el tor', N'A00.1', NULL, 6, NULL, CAST(N'2024-01-26T11:00:35.4649344' AS DateTime2), NULL, NULL)
SET IDENTITY_INSERT [dbo].[Diagnoses] OFF
GO
SET IDENTITY_INSERT [dbo].[DiseaseCategories] ON 

INSERT [dbo].[DiseaseCategories] ([Id], [Name], [ParentCategory], [CreatedBy], [CreatedDate], [UpdatedBy], [UpdatedDate]) VALUES (11, N'(A30-A49) Other bacterial diseases', NULL, NULL, CAST(N'2024-01-26T09:00:11.9415732' AS DateTime2), NULL, NULL)
INSERT [dbo].[DiseaseCategories] ([Id], [Name], [ParentCategory], [CreatedBy], [CreatedDate], [UpdatedBy], [UpdatedDate]) VALUES (12, N'(A50-A64) Infections with a predominantly sexual mode of transmission', NULL, NULL, CAST(N'2024-01-26T09:00:28.0153106' AS DateTime2), NULL, NULL)
SET IDENTITY_INSERT [dbo].[DiseaseCategories] OFF
GO
SET IDENTITY_INSERT [dbo].[Districts] ON 

INSERT [dbo].[Districts] ([Id], [Name], [CityId], [ProvinceId], [CreatedBy], [CreatedDate], [UpdatedBy], [UpdatedDate]) VALUES (2, N'Pasar Minggu', 4, 3, NULL, CAST(N'2024-01-23T03:29:51.7532757' AS DateTime2), NULL, NULL)
INSERT [dbo].[Districts] ([Id], [Name], [CityId], [ProvinceId], [CreatedBy], [CreatedDate], [UpdatedBy], [UpdatedDate]) VALUES (3, N'Jati padang', 4, 3, N'Argi Purwanto', CAST(N'2024-02-02T14:38:28.2532112' AS DateTime2), NULL, NULL)
INSERT [dbo].[Districts] ([Id], [Name], [CityId], [ProvinceId], [CreatedBy], [CreatedDate], [UpdatedBy], [UpdatedDate]) VALUES (4, N'Pejaten timur', 4, 3, N'Argi Purwanto', CAST(N'2024-02-02T14:39:04.6825851' AS DateTime2), NULL, NULL)
SET IDENTITY_INSERT [dbo].[Districts] OFF
GO
SET IDENTITY_INSERT [dbo].[DoctorScheduleDetails] ON 

INSERT [dbo].[DoctorScheduleDetails] ([Id], [DoctorScheduleId], [Name], [DayOfWeek], [WorkFrom], [WorkTo], [Quota], [UpdateToBpjs], [CreatedBy], [CreatedDate], [UpdatedBy], [UpdatedDate]) VALUES (263, 14, N'Senin pagi', N'Monday', CAST(N'08:00:33.2270000' AS Time), CAST(N'12:00:00' AS Time), 0, 0, N'Administrator', CAST(N'2024-02-20T15:55:56.6790778' AS DateTime2), NULL, NULL)
INSERT [dbo].[DoctorScheduleDetails] ([Id], [DoctorScheduleId], [Name], [DayOfWeek], [WorkFrom], [WorkTo], [Quota], [UpdateToBpjs], [CreatedBy], [CreatedDate], [UpdatedBy], [UpdatedDate]) VALUES (264, 14, N'Senin Siang', N'Monday', CAST(N'13:00:00' AS Time), CAST(N'17:00:00' AS Time), 0, 0, N'Administrator', CAST(N'2024-02-20T15:55:56.6790820' AS DateTime2), NULL, NULL)
INSERT [dbo].[DoctorScheduleDetails] ([Id], [DoctorScheduleId], [Name], [DayOfWeek], [WorkFrom], [WorkTo], [Quota], [UpdateToBpjs], [CreatedBy], [CreatedDate], [UpdatedBy], [UpdatedDate]) VALUES (265, 14, N'Selasa pagi', N'Tuesday', CAST(N'08:00:00' AS Time), CAST(N'12:00:00' AS Time), 0, 0, N'Administrator', CAST(N'2024-02-20T15:55:56.6790824' AS DateTime2), NULL, NULL)
INSERT [dbo].[DoctorScheduleDetails] ([Id], [DoctorScheduleId], [Name], [DayOfWeek], [WorkFrom], [WorkTo], [Quota], [UpdateToBpjs], [CreatedBy], [CreatedDate], [UpdatedBy], [UpdatedDate]) VALUES (266, 14, N'Selasa siang', N'Tuesday', CAST(N'13:00:00' AS Time), CAST(N'17:00:00' AS Time), 0, 0, N'Administrator', CAST(N'2024-02-20T15:55:56.6790827' AS DateTime2), NULL, NULL)
INSERT [dbo].[DoctorScheduleDetails] ([Id], [DoctorScheduleId], [Name], [DayOfWeek], [WorkFrom], [WorkTo], [Quota], [UpdateToBpjs], [CreatedBy], [CreatedDate], [UpdatedBy], [UpdatedDate]) VALUES (267, 14, N'Rabu pagi', N'Wednesday', CAST(N'08:00:00' AS Time), CAST(N'12:00:00' AS Time), 0, 0, N'Administrator', CAST(N'2024-02-20T15:55:56.6790830' AS DateTime2), NULL, NULL)
INSERT [dbo].[DoctorScheduleDetails] ([Id], [DoctorScheduleId], [Name], [DayOfWeek], [WorkFrom], [WorkTo], [Quota], [UpdateToBpjs], [CreatedBy], [CreatedDate], [UpdatedBy], [UpdatedDate]) VALUES (270, 19, N'Selasa Pagi', N'Tuesday', CAST(N'08:00:00' AS Time), CAST(N'12:00:00' AS Time), 0, 0, N'Administrator', CAST(N'2024-02-20T18:09:55.1119379' AS DateTime2), NULL, NULL)
INSERT [dbo].[DoctorScheduleDetails] ([Id], [DoctorScheduleId], [Name], [DayOfWeek], [WorkFrom], [WorkTo], [Quota], [UpdateToBpjs], [CreatedBy], [CreatedDate], [UpdatedBy], [UpdatedDate]) VALUES (271, 19, N'Selasa Siang', N'Tuesday', CAST(N'13:00:00' AS Time), CAST(N'18:00:00' AS Time), 0, 0, N'Administrator', CAST(N'2024-02-20T18:09:55.1119414' AS DateTime2), NULL, NULL)
INSERT [dbo].[DoctorScheduleDetails] ([Id], [DoctorScheduleId], [Name], [DayOfWeek], [WorkFrom], [WorkTo], [Quota], [UpdateToBpjs], [CreatedBy], [CreatedDate], [UpdatedBy], [UpdatedDate]) VALUES (272, 16, N'Senin Pagi', N'Monday', CAST(N'08:00:00' AS Time), CAST(N'12:00:00' AS Time), 0, 0, N'Administrator', CAST(N'2024-02-20T18:10:47.2219571' AS DateTime2), NULL, NULL)
INSERT [dbo].[DoctorScheduleDetails] ([Id], [DoctorScheduleId], [Name], [DayOfWeek], [WorkFrom], [WorkTo], [Quota], [UpdateToBpjs], [CreatedBy], [CreatedDate], [UpdatedBy], [UpdatedDate]) VALUES (273, 16, N'Senin Siang', N'Monday', CAST(N'13:17:00' AS Time), CAST(N'13:17:00' AS Time), 0, 0, N'Administrator', CAST(N'2024-02-20T18:10:47.2219595' AS DateTime2), NULL, NULL)
INSERT [dbo].[DoctorScheduleDetails] ([Id], [DoctorScheduleId], [Name], [DayOfWeek], [WorkFrom], [WorkTo], [Quota], [UpdateToBpjs], [CreatedBy], [CreatedDate], [UpdatedBy], [UpdatedDate]) VALUES (274, 16, N'Rabu Pagi', N'Wednesday', CAST(N'08:00:00' AS Time), CAST(N'12:00:00' AS Time), 0, 0, N'Administrator', CAST(N'2024-02-20T18:10:47.2219597' AS DateTime2), NULL, NULL)
SET IDENTITY_INSERT [dbo].[DoctorScheduleDetails] OFF
GO
SET IDENTITY_INSERT [dbo].[DoctorSchedules] ON 

INSERT [dbo].[DoctorSchedules] ([Id], [Name], [ServiceId], [PhysicionIds], [CreatedBy], [CreatedDate], [UpdatedBy], [UpdatedDate]) VALUES (14, N'Jadwal Poli Pharmacy', 8, N'[38,53]', N'Argi Purwanto', CAST(N'2024-02-06T10:53:49.9856488' AS DateTime2), N'Administrator', CAST(N'2024-02-20T15:55:56.6642304' AS DateTime2))
INSERT [dbo].[DoctorSchedules] ([Id], [Name], [ServiceId], [PhysicionIds], [CreatedBy], [CreatedDate], [UpdatedBy], [UpdatedDate]) VALUES (16, N'Jadwal dokter Anak', 10, N'[84]', N'Argi P', CAST(N'2024-02-20T17:42:10.3435245' AS DateTime2), NULL, NULL)
INSERT [dbo].[DoctorSchedules] ([Id], [Name], [ServiceId], [PhysicionIds], [CreatedBy], [CreatedDate], [UpdatedBy], [UpdatedDate]) VALUES (19, N'Jadwal Poli Umum', 7, N'[38]', N'Administrator', CAST(N'2024-02-20T18:09:54.8489525' AS DateTime2), NULL, NULL)
SET IDENTITY_INSERT [dbo].[DoctorSchedules] OFF
GO
SET IDENTITY_INSERT [dbo].[DoctorScheduleSlots] ON 

INSERT [dbo].[DoctorScheduleSlots] ([Id], [DoctorScheduleId], [StartDate], [CreatedBy], [CreatedDate], [UpdatedBy], [UpdatedDate], [WorkFrom], [WorkTo], [PhysicianId]) VALUES (170961, 14, CAST(N'2024-02-19T00:00:00.0000000' AS DateTime2), N'', CAST(N'2024-02-19T11:56:18.2608188' AS DateTime2), NULL, NULL, CAST(N'08:00:33.2270000' AS Time), CAST(N'12:00:00' AS Time), 38)
INSERT [dbo].[DoctorScheduleSlots] ([Id], [DoctorScheduleId], [StartDate], [CreatedBy], [CreatedDate], [UpdatedBy], [UpdatedDate], [WorkFrom], [WorkTo], [PhysicianId]) VALUES (170962, 14, CAST(N'2024-02-19T00:00:00.0000000' AS DateTime2), N'', CAST(N'2024-02-19T11:56:18.2608232' AS DateTime2), NULL, NULL, CAST(N'13:00:00' AS Time), CAST(N'17:00:00' AS Time), 38)
INSERT [dbo].[DoctorScheduleSlots] ([Id], [DoctorScheduleId], [StartDate], [CreatedBy], [CreatedDate], [UpdatedBy], [UpdatedDate], [WorkFrom], [WorkTo], [PhysicianId]) VALUES (170963, 14, CAST(N'2024-02-20T00:00:00.0000000' AS DateTime2), N'', CAST(N'2024-02-19T11:56:18.2608247' AS DateTime2), NULL, NULL, CAST(N'08:00:00' AS Time), CAST(N'12:00:00' AS Time), 38)
INSERT [dbo].[DoctorScheduleSlots] ([Id], [DoctorScheduleId], [StartDate], [CreatedBy], [CreatedDate], [UpdatedBy], [UpdatedDate], [WorkFrom], [WorkTo], [PhysicianId]) VALUES (170964, 14, CAST(N'2024-02-20T00:00:00.0000000' AS DateTime2), N'', CAST(N'2024-02-19T11:56:18.2608251' AS DateTime2), NULL, NULL, CAST(N'13:00:00' AS Time), CAST(N'17:00:00' AS Time), 38)
INSERT [dbo].[DoctorScheduleSlots] ([Id], [DoctorScheduleId], [StartDate], [CreatedBy], [CreatedDate], [UpdatedBy], [UpdatedDate], [WorkFrom], [WorkTo], [PhysicianId]) VALUES (170965, 14, CAST(N'2024-02-21T00:00:00.0000000' AS DateTime2), N'', CAST(N'2024-02-19T11:56:18.2608255' AS DateTime2), NULL, NULL, CAST(N'08:00:00' AS Time), CAST(N'12:00:00' AS Time), 38)
INSERT [dbo].[DoctorScheduleSlots] ([Id], [DoctorScheduleId], [StartDate], [CreatedBy], [CreatedDate], [UpdatedBy], [UpdatedDate], [WorkFrom], [WorkTo], [PhysicianId]) VALUES (170966, 14, CAST(N'2024-02-26T00:00:00.0000000' AS DateTime2), N'', CAST(N'2024-02-19T11:56:18.2608258' AS DateTime2), NULL, NULL, CAST(N'08:00:33.2270000' AS Time), CAST(N'12:00:00' AS Time), 38)
INSERT [dbo].[DoctorScheduleSlots] ([Id], [DoctorScheduleId], [StartDate], [CreatedBy], [CreatedDate], [UpdatedBy], [UpdatedDate], [WorkFrom], [WorkTo], [PhysicianId]) VALUES (170967, 14, CAST(N'2024-02-26T00:00:00.0000000' AS DateTime2), N'', CAST(N'2024-02-19T11:56:18.2608262' AS DateTime2), NULL, NULL, CAST(N'13:00:00' AS Time), CAST(N'17:00:00' AS Time), 38)
INSERT [dbo].[DoctorScheduleSlots] ([Id], [DoctorScheduleId], [StartDate], [CreatedBy], [CreatedDate], [UpdatedBy], [UpdatedDate], [WorkFrom], [WorkTo], [PhysicianId]) VALUES (170968, 14, CAST(N'2024-02-27T00:00:00.0000000' AS DateTime2), N'', CAST(N'2024-02-19T11:56:18.2608265' AS DateTime2), NULL, NULL, CAST(N'08:00:00' AS Time), CAST(N'12:00:00' AS Time), 38)
INSERT [dbo].[DoctorScheduleSlots] ([Id], [DoctorScheduleId], [StartDate], [CreatedBy], [CreatedDate], [UpdatedBy], [UpdatedDate], [WorkFrom], [WorkTo], [PhysicianId]) VALUES (170969, 14, CAST(N'2024-02-27T00:00:00.0000000' AS DateTime2), N'', CAST(N'2024-02-19T11:56:18.2608269' AS DateTime2), NULL, NULL, CAST(N'13:00:00' AS Time), CAST(N'17:00:00' AS Time), 38)
INSERT [dbo].[DoctorScheduleSlots] ([Id], [DoctorScheduleId], [StartDate], [CreatedBy], [CreatedDate], [UpdatedBy], [UpdatedDate], [WorkFrom], [WorkTo], [PhysicianId]) VALUES (170970, 14, CAST(N'2024-02-28T00:00:00.0000000' AS DateTime2), N'', CAST(N'2024-02-19T11:56:18.2608273' AS DateTime2), NULL, NULL, CAST(N'08:00:00' AS Time), CAST(N'12:00:00' AS Time), 38)
INSERT [dbo].[DoctorScheduleSlots] ([Id], [DoctorScheduleId], [StartDate], [CreatedBy], [CreatedDate], [UpdatedBy], [UpdatedDate], [WorkFrom], [WorkTo], [PhysicianId]) VALUES (170971, 14, CAST(N'2024-03-04T00:00:00.0000000' AS DateTime2), N'', CAST(N'2024-02-19T11:56:18.2608276' AS DateTime2), NULL, NULL, CAST(N'08:00:33.2270000' AS Time), CAST(N'12:00:00' AS Time), 38)
INSERT [dbo].[DoctorScheduleSlots] ([Id], [DoctorScheduleId], [StartDate], [CreatedBy], [CreatedDate], [UpdatedBy], [UpdatedDate], [WorkFrom], [WorkTo], [PhysicianId]) VALUES (170972, 14, CAST(N'2024-03-04T00:00:00.0000000' AS DateTime2), N'', CAST(N'2024-02-19T11:56:18.2608280' AS DateTime2), NULL, NULL, CAST(N'13:00:00' AS Time), CAST(N'17:00:00' AS Time), 38)
INSERT [dbo].[DoctorScheduleSlots] ([Id], [DoctorScheduleId], [StartDate], [CreatedBy], [CreatedDate], [UpdatedBy], [UpdatedDate], [WorkFrom], [WorkTo], [PhysicianId]) VALUES (170973, 14, CAST(N'2024-03-05T00:00:00.0000000' AS DateTime2), N'', CAST(N'2024-02-19T11:56:18.2608283' AS DateTime2), NULL, NULL, CAST(N'08:00:00' AS Time), CAST(N'12:00:00' AS Time), 38)
INSERT [dbo].[DoctorScheduleSlots] ([Id], [DoctorScheduleId], [StartDate], [CreatedBy], [CreatedDate], [UpdatedBy], [UpdatedDate], [WorkFrom], [WorkTo], [PhysicianId]) VALUES (170974, 14, CAST(N'2024-03-05T00:00:00.0000000' AS DateTime2), N'', CAST(N'2024-02-19T11:56:18.2608287' AS DateTime2), NULL, NULL, CAST(N'13:00:00' AS Time), CAST(N'17:00:00' AS Time), 38)
INSERT [dbo].[DoctorScheduleSlots] ([Id], [DoctorScheduleId], [StartDate], [CreatedBy], [CreatedDate], [UpdatedBy], [UpdatedDate], [WorkFrom], [WorkTo], [PhysicianId]) VALUES (170975, 14, CAST(N'2024-03-06T00:00:00.0000000' AS DateTime2), N'', CAST(N'2024-02-19T11:56:18.2608291' AS DateTime2), NULL, NULL, CAST(N'08:00:00' AS Time), CAST(N'12:00:00' AS Time), 38)
INSERT [dbo].[DoctorScheduleSlots] ([Id], [DoctorScheduleId], [StartDate], [CreatedBy], [CreatedDate], [UpdatedBy], [UpdatedDate], [WorkFrom], [WorkTo], [PhysicianId]) VALUES (170976, 14, CAST(N'2024-03-11T00:00:00.0000000' AS DateTime2), N'', CAST(N'2024-02-19T11:56:18.2608307' AS DateTime2), NULL, NULL, CAST(N'08:00:33.2270000' AS Time), CAST(N'12:00:00' AS Time), 38)
INSERT [dbo].[DoctorScheduleSlots] ([Id], [DoctorScheduleId], [StartDate], [CreatedBy], [CreatedDate], [UpdatedBy], [UpdatedDate], [WorkFrom], [WorkTo], [PhysicianId]) VALUES (170977, 14, CAST(N'2024-03-11T00:00:00.0000000' AS DateTime2), N'', CAST(N'2024-02-19T11:56:18.2608310' AS DateTime2), NULL, NULL, CAST(N'13:00:00' AS Time), CAST(N'17:00:00' AS Time), 38)
INSERT [dbo].[DoctorScheduleSlots] ([Id], [DoctorScheduleId], [StartDate], [CreatedBy], [CreatedDate], [UpdatedBy], [UpdatedDate], [WorkFrom], [WorkTo], [PhysicianId]) VALUES (170978, 14, CAST(N'2024-03-12T00:00:00.0000000' AS DateTime2), N'', CAST(N'2024-02-19T11:56:18.2608314' AS DateTime2), NULL, NULL, CAST(N'08:00:00' AS Time), CAST(N'12:00:00' AS Time), 38)
INSERT [dbo].[DoctorScheduleSlots] ([Id], [DoctorScheduleId], [StartDate], [CreatedBy], [CreatedDate], [UpdatedBy], [UpdatedDate], [WorkFrom], [WorkTo], [PhysicianId]) VALUES (170979, 14, CAST(N'2024-03-12T00:00:00.0000000' AS DateTime2), N'', CAST(N'2024-02-19T11:56:18.2608317' AS DateTime2), NULL, NULL, CAST(N'13:00:00' AS Time), CAST(N'17:00:00' AS Time), 38)
INSERT [dbo].[DoctorScheduleSlots] ([Id], [DoctorScheduleId], [StartDate], [CreatedBy], [CreatedDate], [UpdatedBy], [UpdatedDate], [WorkFrom], [WorkTo], [PhysicianId]) VALUES (170980, 14, CAST(N'2024-03-13T00:00:00.0000000' AS DateTime2), N'', CAST(N'2024-02-19T11:56:18.2608320' AS DateTime2), NULL, NULL, CAST(N'08:00:00' AS Time), CAST(N'12:00:00' AS Time), 38)
INSERT [dbo].[DoctorScheduleSlots] ([Id], [DoctorScheduleId], [StartDate], [CreatedBy], [CreatedDate], [UpdatedBy], [UpdatedDate], [WorkFrom], [WorkTo], [PhysicianId]) VALUES (170981, 14, CAST(N'2024-03-18T00:00:00.0000000' AS DateTime2), N'', CAST(N'2024-02-19T11:56:18.2608323' AS DateTime2), NULL, NULL, CAST(N'08:00:33.2270000' AS Time), CAST(N'12:00:00' AS Time), 38)
INSERT [dbo].[DoctorScheduleSlots] ([Id], [DoctorScheduleId], [StartDate], [CreatedBy], [CreatedDate], [UpdatedBy], [UpdatedDate], [WorkFrom], [WorkTo], [PhysicianId]) VALUES (170982, 14, CAST(N'2024-03-18T00:00:00.0000000' AS DateTime2), N'', CAST(N'2024-02-19T11:56:18.2608327' AS DateTime2), NULL, NULL, CAST(N'13:00:00' AS Time), CAST(N'17:00:00' AS Time), 38)
INSERT [dbo].[DoctorScheduleSlots] ([Id], [DoctorScheduleId], [StartDate], [CreatedBy], [CreatedDate], [UpdatedBy], [UpdatedDate], [WorkFrom], [WorkTo], [PhysicianId]) VALUES (170983, 14, CAST(N'2024-03-19T00:00:00.0000000' AS DateTime2), N'', CAST(N'2024-02-19T11:56:18.2608330' AS DateTime2), NULL, NULL, CAST(N'08:00:00' AS Time), CAST(N'12:00:00' AS Time), 38)
INSERT [dbo].[DoctorScheduleSlots] ([Id], [DoctorScheduleId], [StartDate], [CreatedBy], [CreatedDate], [UpdatedBy], [UpdatedDate], [WorkFrom], [WorkTo], [PhysicianId]) VALUES (170984, 14, CAST(N'2024-03-19T00:00:00.0000000' AS DateTime2), N'', CAST(N'2024-02-19T11:56:18.2608334' AS DateTime2), NULL, NULL, CAST(N'13:00:00' AS Time), CAST(N'17:00:00' AS Time), 38)
INSERT [dbo].[DoctorScheduleSlots] ([Id], [DoctorScheduleId], [StartDate], [CreatedBy], [CreatedDate], [UpdatedBy], [UpdatedDate], [WorkFrom], [WorkTo], [PhysicianId]) VALUES (170985, 14, CAST(N'2024-03-20T00:00:00.0000000' AS DateTime2), N'', CAST(N'2024-02-19T11:56:18.2608337' AS DateTime2), NULL, NULL, CAST(N'08:00:00' AS Time), CAST(N'12:00:00' AS Time), 38)
INSERT [dbo].[DoctorScheduleSlots] ([Id], [DoctorScheduleId], [StartDate], [CreatedBy], [CreatedDate], [UpdatedBy], [UpdatedDate], [WorkFrom], [WorkTo], [PhysicianId]) VALUES (170986, 14, CAST(N'2024-03-25T00:00:00.0000000' AS DateTime2), N'', CAST(N'2024-02-19T11:56:18.2608341' AS DateTime2), NULL, NULL, CAST(N'08:00:33.2270000' AS Time), CAST(N'12:00:00' AS Time), 38)
INSERT [dbo].[DoctorScheduleSlots] ([Id], [DoctorScheduleId], [StartDate], [CreatedBy], [CreatedDate], [UpdatedBy], [UpdatedDate], [WorkFrom], [WorkTo], [PhysicianId]) VALUES (170987, 14, CAST(N'2024-03-25T00:00:00.0000000' AS DateTime2), N'', CAST(N'2024-02-19T11:56:18.2608344' AS DateTime2), NULL, NULL, CAST(N'13:00:00' AS Time), CAST(N'17:00:00' AS Time), 38)
INSERT [dbo].[DoctorScheduleSlots] ([Id], [DoctorScheduleId], [StartDate], [CreatedBy], [CreatedDate], [UpdatedBy], [UpdatedDate], [WorkFrom], [WorkTo], [PhysicianId]) VALUES (170988, 19, CAST(N'2024-02-20T00:00:00.0000000' AS DateTime2), N'Administrator', CAST(N'2024-02-20T18:11:21.2770734' AS DateTime2), NULL, NULL, CAST(N'08:00:00' AS Time), CAST(N'12:00:00' AS Time), 38)
INSERT [dbo].[DoctorScheduleSlots] ([Id], [DoctorScheduleId], [StartDate], [CreatedBy], [CreatedDate], [UpdatedBy], [UpdatedDate], [WorkFrom], [WorkTo], [PhysicianId]) VALUES (170989, 19, CAST(N'2024-02-20T00:00:00.0000000' AS DateTime2), N'Administrator', CAST(N'2024-02-20T18:11:21.2770768' AS DateTime2), NULL, NULL, CAST(N'13:00:00' AS Time), CAST(N'18:00:00' AS Time), 38)
INSERT [dbo].[DoctorScheduleSlots] ([Id], [DoctorScheduleId], [StartDate], [CreatedBy], [CreatedDate], [UpdatedBy], [UpdatedDate], [WorkFrom], [WorkTo], [PhysicianId]) VALUES (170990, 19, CAST(N'2024-02-27T00:00:00.0000000' AS DateTime2), N'Administrator', CAST(N'2024-02-20T18:11:21.2770771' AS DateTime2), NULL, NULL, CAST(N'08:00:00' AS Time), CAST(N'12:00:00' AS Time), 38)
INSERT [dbo].[DoctorScheduleSlots] ([Id], [DoctorScheduleId], [StartDate], [CreatedBy], [CreatedDate], [UpdatedBy], [UpdatedDate], [WorkFrom], [WorkTo], [PhysicianId]) VALUES (170991, 19, CAST(N'2024-02-27T00:00:00.0000000' AS DateTime2), N'Administrator', CAST(N'2024-02-20T18:11:21.2770774' AS DateTime2), NULL, NULL, CAST(N'13:00:00' AS Time), CAST(N'18:00:00' AS Time), 38)
INSERT [dbo].[DoctorScheduleSlots] ([Id], [DoctorScheduleId], [StartDate], [CreatedBy], [CreatedDate], [UpdatedBy], [UpdatedDate], [WorkFrom], [WorkTo], [PhysicianId]) VALUES (170992, 16, CAST(N'2024-02-21T00:00:00.0000000' AS DateTime2), N'Administrator', CAST(N'2024-02-20T18:11:59.6076471' AS DateTime2), NULL, NULL, CAST(N'08:00:00' AS Time), CAST(N'12:00:00' AS Time), 84)
INSERT [dbo].[DoctorScheduleSlots] ([Id], [DoctorScheduleId], [StartDate], [CreatedBy], [CreatedDate], [UpdatedBy], [UpdatedDate], [WorkFrom], [WorkTo], [PhysicianId]) VALUES (170993, 16, CAST(N'2024-02-26T00:00:00.0000000' AS DateTime2), N'Administrator', CAST(N'2024-02-20T18:11:59.6076499' AS DateTime2), NULL, NULL, CAST(N'08:00:00' AS Time), CAST(N'12:00:00' AS Time), 84)
INSERT [dbo].[DoctorScheduleSlots] ([Id], [DoctorScheduleId], [StartDate], [CreatedBy], [CreatedDate], [UpdatedBy], [UpdatedDate], [WorkFrom], [WorkTo], [PhysicianId]) VALUES (170994, 16, CAST(N'2024-02-26T00:00:00.0000000' AS DateTime2), N'Administrator', CAST(N'2024-02-20T18:11:59.6076505' AS DateTime2), NULL, NULL, CAST(N'13:17:00' AS Time), CAST(N'13:17:00' AS Time), 84)
SET IDENTITY_INSERT [dbo].[DoctorScheduleSlots] OFF
GO
SET IDENTITY_INSERT [dbo].[Families] ON 

INSERT [dbo].[Families] ([Id], [Name], [Relation], [CreatedBy], [CreatedDate], [UpdatedBy], [UpdatedDate], [ChildRelation], [ParentRelation], [ChildRelationId], [ParentRelationId]) VALUES (49, N'Husband', N'Wife-Husband', N'Argi P', CAST(N'2024-02-21T14:22:20.5709516' AS DateTime2), N'Argi P', CAST(N'2024-02-21T14:22:29.5362325' AS DateTime2), N'Wife', N'Husband', NULL, NULL)
INSERT [dbo].[Families] ([Id], [Name], [Relation], [CreatedBy], [CreatedDate], [UpdatedBy], [UpdatedDate], [ChildRelation], [ParentRelation], [ChildRelationId], [ParentRelationId]) VALUES (50, N'Wife', N'Husband-Wife', N'Argi P', CAST(N'2024-02-21T14:22:29.4763270' AS DateTime2), NULL, NULL, N'Husband', N'Wife', NULL, NULL)
SET IDENTITY_INSERT [dbo].[Families] OFF
GO
SET IDENTITY_INSERT [dbo].[Genders] ON 

INSERT [dbo].[Genders] ([Id], [Name], [CreatedBy], [CreatedDate], [UpdatedBy], [UpdatedDate]) VALUES (1, N'Laki-Laki', NULL, CAST(N'2024-01-19T10:47:17.9821084' AS DateTime2), NULL, NULL)
INSERT [dbo].[Genders] ([Id], [Name], [CreatedBy], [CreatedDate], [UpdatedBy], [UpdatedDate]) VALUES (2, N'Wanita', NULL, CAST(N'2024-01-19T10:47:21.0717401' AS DateTime2), NULL, NULL)
SET IDENTITY_INSERT [dbo].[Genders] OFF
GO
SET IDENTITY_INSERT [dbo].[GeneralConsultanServices] ON 

INSERT [dbo].[GeneralConsultanServices] ([Id], [PatientId], [InsuranceId], [ServiceId], [PratitionerId], [ClassType], [StagingStatus], [Method], [AdmissionQueue], [Payment], [NoRM], [IdentityNumber], [BirthDay], [TypeRegistration], [RegistrationDate], [WorkFrom], [WorkTo], [CreatedBy], [CreatedDate], [UpdatedBy], [UpdatedDate], [InsurancePolicyId], [ScheduleTime], [TypeMedical]) VALUES (18, 83, NULL, 10, 84, NULL, N'Finished', NULL, NULL, N'Personal', N'20-02-2024-0018', N'898989', NULL, N'General Consultation', CAST(N'2024-02-21T15:56:15.9676917' AS DateTime2), NULL, NULL, N'Administrator', CAST(N'2024-02-21T15:57:07.4816757' AS DateTime2), N'', CAST(N'2024-02-21T17:22:37.6431693' AS DateTime2), NULL, N'08:00 - 12:00', N'Gas And Oil')
INSERT [dbo].[GeneralConsultanServices] ([Id], [PatientId], [InsuranceId], [ServiceId], [PratitionerId], [ClassType], [StagingStatus], [Method], [AdmissionQueue], [Payment], [NoRM], [IdentityNumber], [BirthDay], [TypeRegistration], [RegistrationDate], [WorkFrom], [WorkTo], [CreatedBy], [CreatedDate], [UpdatedBy], [UpdatedDate], [InsurancePolicyId], [ScheduleTime], [TypeMedical]) VALUES (19, 82, NULL, 7, 81, NULL, N'Nurse Station', NULL, NULL, N'Personal', N'20-02-2024-0017', N'1231513532', NULL, N'General Consultation', CAST(N'2024-02-21T17:23:51.9235221' AS DateTime2), NULL, NULL, N'Administrator', CAST(N'2024-02-21T17:24:15.7891014' AS DateTime2), N'Administrator', CAST(N'2024-02-21T17:24:35.0047547' AS DateTime2), NULL, NULL, N'MCU')
SET IDENTITY_INSERT [dbo].[GeneralConsultanServices] OFF
GO
SET IDENTITY_INSERT [dbo].[GeneralConsultantClinicalAssesments] ON 

INSERT [dbo].[GeneralConsultantClinicalAssesments] ([Id], [Weight], [Height], [RR], [Temp], [HR], [RBS], [SystolicDiastolicBP], [SpO2], [BMIIndex], [BMIIndexString], [BMIState], [E], [V], [M], [CreatedBy], [CreatedDate], [UpdatedBy], [UpdatedDate], [GeneralConsultanServiceId]) VALUES (9, 34, 234, 234, 234, 234234, 4545234, 2544534, 45546, 6.2093651837241577, N'6,21', N'Low Weight', 234, 435, 234, N'Administrator', CAST(N'2024-02-21T15:57:08.3476994' AS DateTime2), NULL, NULL, 18)
INSERT [dbo].[GeneralConsultantClinicalAssesments] ([Id], [Weight], [Height], [RR], [Temp], [HR], [RBS], [SystolicDiastolicBP], [SpO2], [BMIIndex], [BMIIndexString], [BMIState], [E], [V], [M], [CreatedBy], [CreatedDate], [UpdatedBy], [UpdatedDate], [GeneralConsultanServiceId]) VALUES (10, 0, 0, 0, 0, 0, 0, 0, 0, 0, N'0', N'-', 0, 0, 0, N'Administrator', CAST(N'2024-02-21T17:24:16.5145105' AS DateTime2), NULL, NULL, NULL)
SET IDENTITY_INSERT [dbo].[GeneralConsultantClinicalAssesments] OFF
GO
SET IDENTITY_INSERT [dbo].[GroupMenus] ON 

INSERT [dbo].[GroupMenus] ([Id], [GroupId], [MenuId], [Create], [Read], [Update], [Delete], [Import], [CreatedBy], [CreatedDate], [UpdatedBy], [UpdatedDate]) VALUES (4012, 34, 9, 1, 1, 1, 0, 0, NULL, CAST(N'2024-01-30T03:43:30.5790290' AS DateTime2), NULL, NULL)
INSERT [dbo].[GroupMenus] ([Id], [GroupId], [MenuId], [Create], [Read], [Update], [Delete], [Import], [CreatedBy], [CreatedDate], [UpdatedBy], [UpdatedDate]) VALUES (4013, 34, 1, 0, 0, 0, 0, 0, NULL, CAST(N'2024-01-30T03:43:30.6039975' AS DateTime2), NULL, NULL)
INSERT [dbo].[GroupMenus] ([Id], [GroupId], [MenuId], [Create], [Read], [Update], [Delete], [Import], [CreatedBy], [CreatedDate], [UpdatedBy], [UpdatedDate]) VALUES (4014, 34, 8, 0, 0, 0, 0, 0, NULL, CAST(N'2024-01-30T03:43:30.6049183' AS DateTime2), NULL, NULL)
INSERT [dbo].[GroupMenus] ([Id], [GroupId], [MenuId], [Create], [Read], [Update], [Delete], [Import], [CreatedBy], [CreatedDate], [UpdatedBy], [UpdatedDate]) VALUES (4015, 34, 10, 0, 0, 1, 0, 1, NULL, CAST(N'2024-01-30T03:43:30.6049670' AS DateTime2), NULL, NULL)
INSERT [dbo].[GroupMenus] ([Id], [GroupId], [MenuId], [Create], [Read], [Update], [Delete], [Import], [CreatedBy], [CreatedDate], [UpdatedBy], [UpdatedDate]) VALUES (4106, 36, 10, 1, 1, 1, 1, 1, NULL, CAST(N'2024-01-30T08:36:34.1091799' AS DateTime2), NULL, NULL)
INSERT [dbo].[GroupMenus] ([Id], [GroupId], [MenuId], [Create], [Read], [Update], [Delete], [Import], [CreatedBy], [CreatedDate], [UpdatedBy], [UpdatedDate]) VALUES (4107, 36, 1, 0, 0, 0, 0, 0, NULL, CAST(N'2024-01-30T08:36:34.1098693' AS DateTime2), NULL, NULL)
INSERT [dbo].[GroupMenus] ([Id], [GroupId], [MenuId], [Create], [Read], [Update], [Delete], [Import], [CreatedBy], [CreatedDate], [UpdatedBy], [UpdatedDate]) VALUES (4108, 36, 14, 0, 0, 0, 0, 0, NULL, CAST(N'2024-01-30T08:36:34.1098954' AS DateTime2), NULL, NULL)
INSERT [dbo].[GroupMenus] ([Id], [GroupId], [MenuId], [Create], [Read], [Update], [Delete], [Import], [CreatedBy], [CreatedDate], [UpdatedBy], [UpdatedDate]) VALUES (4109, 36, 2, 1, 1, 1, 0, 0, NULL, CAST(N'2024-01-30T08:36:34.1099107' AS DateTime2), NULL, NULL)
INSERT [dbo].[GroupMenus] ([Id], [GroupId], [MenuId], [Create], [Read], [Update], [Delete], [Import], [CreatedBy], [CreatedDate], [UpdatedBy], [UpdatedDate]) VALUES (4110, 36, 3, 1, 1, 1, 1, 0, NULL, CAST(N'2024-01-30T08:36:34.1099260' AS DateTime2), NULL, NULL)
INSERT [dbo].[GroupMenus] ([Id], [GroupId], [MenuId], [Create], [Read], [Update], [Delete], [Import], [CreatedBy], [CreatedDate], [UpdatedBy], [UpdatedDate]) VALUES (5704, 33, 1, 1, 1, 1, 1, 0, N'Administrator', CAST(N'2024-02-21T17:29:25.7622309' AS DateTime2), NULL, NULL)
INSERT [dbo].[GroupMenus] ([Id], [GroupId], [MenuId], [Create], [Read], [Update], [Delete], [Import], [CreatedBy], [CreatedDate], [UpdatedBy], [UpdatedDate]) VALUES (5705, 33, 2, 1, 1, 1, 1, 0, N'Administrator', CAST(N'2024-02-21T17:29:25.7622330' AS DateTime2), NULL, NULL)
INSERT [dbo].[GroupMenus] ([Id], [GroupId], [MenuId], [Create], [Read], [Update], [Delete], [Import], [CreatedBy], [CreatedDate], [UpdatedBy], [UpdatedDate]) VALUES (5706, 33, 3, 1, 1, 1, 1, 0, N'Administrator', CAST(N'2024-02-21T17:29:25.7622333' AS DateTime2), NULL, NULL)
INSERT [dbo].[GroupMenus] ([Id], [GroupId], [MenuId], [Create], [Read], [Update], [Delete], [Import], [CreatedBy], [CreatedDate], [UpdatedBy], [UpdatedDate]) VALUES (5707, 33, 4, 1, 1, 1, 1, 0, N'Administrator', CAST(N'2024-02-21T17:29:25.7622335' AS DateTime2), NULL, NULL)
INSERT [dbo].[GroupMenus] ([Id], [GroupId], [MenuId], [Create], [Read], [Update], [Delete], [Import], [CreatedBy], [CreatedDate], [UpdatedBy], [UpdatedDate]) VALUES (5708, 33, 5, 1, 1, 1, 1, 0, N'Administrator', CAST(N'2024-02-21T17:29:25.7622338' AS DateTime2), NULL, NULL)
INSERT [dbo].[GroupMenus] ([Id], [GroupId], [MenuId], [Create], [Read], [Update], [Delete], [Import], [CreatedBy], [CreatedDate], [UpdatedBy], [UpdatedDate]) VALUES (5709, 33, 6, 1, 1, 1, 1, 0, N'Administrator', CAST(N'2024-02-21T17:29:25.7622340' AS DateTime2), NULL, NULL)
INSERT [dbo].[GroupMenus] ([Id], [GroupId], [MenuId], [Create], [Read], [Update], [Delete], [Import], [CreatedBy], [CreatedDate], [UpdatedBy], [UpdatedDate]) VALUES (5710, 33, 7, 1, 1, 1, 1, 0, N'Administrator', CAST(N'2024-02-21T17:29:25.7622342' AS DateTime2), NULL, NULL)
INSERT [dbo].[GroupMenus] ([Id], [GroupId], [MenuId], [Create], [Read], [Update], [Delete], [Import], [CreatedBy], [CreatedDate], [UpdatedBy], [UpdatedDate]) VALUES (5711, 33, 8, 1, 1, 1, 1, 1, N'Administrator', CAST(N'2024-02-21T17:29:25.7622344' AS DateTime2), NULL, NULL)
INSERT [dbo].[GroupMenus] ([Id], [GroupId], [MenuId], [Create], [Read], [Update], [Delete], [Import], [CreatedBy], [CreatedDate], [UpdatedBy], [UpdatedDate]) VALUES (5712, 33, 9, 1, 1, 1, 1, 0, N'Administrator', CAST(N'2024-02-21T17:29:25.7622366' AS DateTime2), NULL, NULL)
INSERT [dbo].[GroupMenus] ([Id], [GroupId], [MenuId], [Create], [Read], [Update], [Delete], [Import], [CreatedBy], [CreatedDate], [UpdatedBy], [UpdatedDate]) VALUES (5713, 33, 10, 1, 1, 1, 1, 0, N'Administrator', CAST(N'2024-02-21T17:29:25.7622368' AS DateTime2), NULL, NULL)
INSERT [dbo].[GroupMenus] ([Id], [GroupId], [MenuId], [Create], [Read], [Update], [Delete], [Import], [CreatedBy], [CreatedDate], [UpdatedBy], [UpdatedDate]) VALUES (5714, 33, 11, 1, 1, 1, 1, 0, N'Administrator', CAST(N'2024-02-21T17:29:25.7622370' AS DateTime2), NULL, NULL)
INSERT [dbo].[GroupMenus] ([Id], [GroupId], [MenuId], [Create], [Read], [Update], [Delete], [Import], [CreatedBy], [CreatedDate], [UpdatedBy], [UpdatedDate]) VALUES (5715, 33, 12, 1, 1, 1, 1, 0, N'Administrator', CAST(N'2024-02-21T17:29:25.7622372' AS DateTime2), NULL, NULL)
INSERT [dbo].[GroupMenus] ([Id], [GroupId], [MenuId], [Create], [Read], [Update], [Delete], [Import], [CreatedBy], [CreatedDate], [UpdatedBy], [UpdatedDate]) VALUES (5716, 33, 13, 1, 1, 1, 1, 0, N'Administrator', CAST(N'2024-02-21T17:29:25.7622374' AS DateTime2), NULL, NULL)
INSERT [dbo].[GroupMenus] ([Id], [GroupId], [MenuId], [Create], [Read], [Update], [Delete], [Import], [CreatedBy], [CreatedDate], [UpdatedBy], [UpdatedDate]) VALUES (5717, 33, 14, 1, 1, 1, 1, 0, N'Administrator', CAST(N'2024-02-21T17:29:25.7622375' AS DateTime2), NULL, NULL)
INSERT [dbo].[GroupMenus] ([Id], [GroupId], [MenuId], [Create], [Read], [Update], [Delete], [Import], [CreatedBy], [CreatedDate], [UpdatedBy], [UpdatedDate]) VALUES (5718, 33, 15, 1, 1, 1, 1, 0, N'Administrator', CAST(N'2024-02-21T17:29:25.7622378' AS DateTime2), NULL, NULL)
INSERT [dbo].[GroupMenus] ([Id], [GroupId], [MenuId], [Create], [Read], [Update], [Delete], [Import], [CreatedBy], [CreatedDate], [UpdatedBy], [UpdatedDate]) VALUES (5719, 33, 16, 1, 1, 1, 1, 0, N'Administrator', CAST(N'2024-02-21T17:29:25.7622379' AS DateTime2), NULL, NULL)
INSERT [dbo].[GroupMenus] ([Id], [GroupId], [MenuId], [Create], [Read], [Update], [Delete], [Import], [CreatedBy], [CreatedDate], [UpdatedBy], [UpdatedDate]) VALUES (5720, 33, 17, 1, 1, 1, 1, 0, N'Administrator', CAST(N'2024-02-21T17:29:25.7622381' AS DateTime2), NULL, NULL)
INSERT [dbo].[GroupMenus] ([Id], [GroupId], [MenuId], [Create], [Read], [Update], [Delete], [Import], [CreatedBy], [CreatedDate], [UpdatedBy], [UpdatedDate]) VALUES (5721, 33, 18, 1, 1, 1, 1, 0, N'Administrator', CAST(N'2024-02-21T17:29:25.7622382' AS DateTime2), NULL, NULL)
INSERT [dbo].[GroupMenus] ([Id], [GroupId], [MenuId], [Create], [Read], [Update], [Delete], [Import], [CreatedBy], [CreatedDate], [UpdatedBy], [UpdatedDate]) VALUES (5722, 33, 19, 1, 1, 1, 1, 0, N'Administrator', CAST(N'2024-02-21T17:29:25.7622384' AS DateTime2), NULL, NULL)
INSERT [dbo].[GroupMenus] ([Id], [GroupId], [MenuId], [Create], [Read], [Update], [Delete], [Import], [CreatedBy], [CreatedDate], [UpdatedBy], [UpdatedDate]) VALUES (5723, 33, 20, 1, 1, 1, 1, 0, N'Administrator', CAST(N'2024-02-21T17:29:25.7622386' AS DateTime2), NULL, NULL)
INSERT [dbo].[GroupMenus] ([Id], [GroupId], [MenuId], [Create], [Read], [Update], [Delete], [Import], [CreatedBy], [CreatedDate], [UpdatedBy], [UpdatedDate]) VALUES (5724, 33, 21, 1, 1, 1, 1, 0, N'Administrator', CAST(N'2024-02-21T17:29:25.7622387' AS DateTime2), NULL, NULL)
INSERT [dbo].[GroupMenus] ([Id], [GroupId], [MenuId], [Create], [Read], [Update], [Delete], [Import], [CreatedBy], [CreatedDate], [UpdatedBy], [UpdatedDate]) VALUES (5725, 33, 22, 1, 1, 1, 1, 0, N'Administrator', CAST(N'2024-02-21T17:29:25.7622389' AS DateTime2), NULL, NULL)
INSERT [dbo].[GroupMenus] ([Id], [GroupId], [MenuId], [Create], [Read], [Update], [Delete], [Import], [CreatedBy], [CreatedDate], [UpdatedBy], [UpdatedDate]) VALUES (5726, 33, 23, 1, 1, 1, 1, 0, N'Administrator', CAST(N'2024-02-21T17:29:25.7622390' AS DateTime2), NULL, NULL)
INSERT [dbo].[GroupMenus] ([Id], [GroupId], [MenuId], [Create], [Read], [Update], [Delete], [Import], [CreatedBy], [CreatedDate], [UpdatedBy], [UpdatedDate]) VALUES (5727, 33, 24, 1, 1, 1, 1, 0, N'Administrator', CAST(N'2024-02-21T17:29:25.7622392' AS DateTime2), NULL, NULL)
INSERT [dbo].[GroupMenus] ([Id], [GroupId], [MenuId], [Create], [Read], [Update], [Delete], [Import], [CreatedBy], [CreatedDate], [UpdatedBy], [UpdatedDate]) VALUES (5728, 33, 26, 1, 1, 1, 1, 0, N'Administrator', CAST(N'2024-02-21T17:29:25.7622394' AS DateTime2), NULL, NULL)
INSERT [dbo].[GroupMenus] ([Id], [GroupId], [MenuId], [Create], [Read], [Update], [Delete], [Import], [CreatedBy], [CreatedDate], [UpdatedBy], [UpdatedDate]) VALUES (5729, 33, 27, 1, 1, 1, 1, 0, N'Administrator', CAST(N'2024-02-21T17:29:25.7622395' AS DateTime2), NULL, NULL)
INSERT [dbo].[GroupMenus] ([Id], [GroupId], [MenuId], [Create], [Read], [Update], [Delete], [Import], [CreatedBy], [CreatedDate], [UpdatedBy], [UpdatedDate]) VALUES (5730, 33, 28, 1, 1, 1, 1, 0, N'Administrator', CAST(N'2024-02-21T17:29:25.7622397' AS DateTime2), NULL, NULL)
INSERT [dbo].[GroupMenus] ([Id], [GroupId], [MenuId], [Create], [Read], [Update], [Delete], [Import], [CreatedBy], [CreatedDate], [UpdatedBy], [UpdatedDate]) VALUES (5731, 33, 29, 1, 1, 1, 1, 0, N'Administrator', CAST(N'2024-02-21T17:29:25.7622399' AS DateTime2), NULL, NULL)
INSERT [dbo].[GroupMenus] ([Id], [GroupId], [MenuId], [Create], [Read], [Update], [Delete], [Import], [CreatedBy], [CreatedDate], [UpdatedBy], [UpdatedDate]) VALUES (5732, 33, 30, 1, 1, 1, 1, 0, N'Administrator', CAST(N'2024-02-21T17:29:25.7622400' AS DateTime2), NULL, NULL)
INSERT [dbo].[GroupMenus] ([Id], [GroupId], [MenuId], [Create], [Read], [Update], [Delete], [Import], [CreatedBy], [CreatedDate], [UpdatedBy], [UpdatedDate]) VALUES (5733, 33, 31, 1, 1, 1, 1, 0, N'Administrator', CAST(N'2024-02-21T17:29:25.7622402' AS DateTime2), NULL, NULL)
INSERT [dbo].[GroupMenus] ([Id], [GroupId], [MenuId], [Create], [Read], [Update], [Delete], [Import], [CreatedBy], [CreatedDate], [UpdatedBy], [UpdatedDate]) VALUES (5734, 33, 32, 1, 1, 1, 1, 0, N'Administrator', CAST(N'2024-02-21T17:29:25.7622404' AS DateTime2), NULL, NULL)
INSERT [dbo].[GroupMenus] ([Id], [GroupId], [MenuId], [Create], [Read], [Update], [Delete], [Import], [CreatedBy], [CreatedDate], [UpdatedBy], [UpdatedDate]) VALUES (5735, 33, 34, 1, 1, 1, 1, 0, N'Administrator', CAST(N'2024-02-21T17:29:25.7622406' AS DateTime2), NULL, NULL)
INSERT [dbo].[GroupMenus] ([Id], [GroupId], [MenuId], [Create], [Read], [Update], [Delete], [Import], [CreatedBy], [CreatedDate], [UpdatedBy], [UpdatedDate]) VALUES (5736, 33, 35, 1, 1, 1, 1, 0, N'Administrator', CAST(N'2024-02-21T17:29:25.7622407' AS DateTime2), NULL, NULL)
INSERT [dbo].[GroupMenus] ([Id], [GroupId], [MenuId], [Create], [Read], [Update], [Delete], [Import], [CreatedBy], [CreatedDate], [UpdatedBy], [UpdatedDate]) VALUES (5737, 33, 36, 1, 1, 1, 1, 0, N'Administrator', CAST(N'2024-02-21T17:29:25.7622408' AS DateTime2), NULL, NULL)
INSERT [dbo].[GroupMenus] ([Id], [GroupId], [MenuId], [Create], [Read], [Update], [Delete], [Import], [CreatedBy], [CreatedDate], [UpdatedBy], [UpdatedDate]) VALUES (5738, 33, 37, 1, 1, 1, 1, 0, N'Administrator', CAST(N'2024-02-21T17:29:25.7622410' AS DateTime2), NULL, NULL)
INSERT [dbo].[GroupMenus] ([Id], [GroupId], [MenuId], [Create], [Read], [Update], [Delete], [Import], [CreatedBy], [CreatedDate], [UpdatedBy], [UpdatedDate]) VALUES (5739, 33, 38, 1, 1, 1, 1, 0, N'Administrator', CAST(N'2024-02-21T17:29:25.7622411' AS DateTime2), NULL, NULL)
INSERT [dbo].[GroupMenus] ([Id], [GroupId], [MenuId], [Create], [Read], [Update], [Delete], [Import], [CreatedBy], [CreatedDate], [UpdatedBy], [UpdatedDate]) VALUES (5740, 33, 39, 1, 1, 1, 1, 0, N'Administrator', CAST(N'2024-02-21T17:29:25.7622413' AS DateTime2), NULL, NULL)
INSERT [dbo].[GroupMenus] ([Id], [GroupId], [MenuId], [Create], [Read], [Update], [Delete], [Import], [CreatedBy], [CreatedDate], [UpdatedBy], [UpdatedDate]) VALUES (5741, 33, 40, 1, 1, 1, 1, 0, N'Administrator', CAST(N'2024-02-21T17:29:25.7622414' AS DateTime2), NULL, NULL)
INSERT [dbo].[GroupMenus] ([Id], [GroupId], [MenuId], [Create], [Read], [Update], [Delete], [Import], [CreatedBy], [CreatedDate], [UpdatedBy], [UpdatedDate]) VALUES (5742, 33, 41, 1, 1, 1, 1, 0, N'Administrator', CAST(N'2024-02-21T17:29:25.7622416' AS DateTime2), NULL, NULL)
INSERT [dbo].[GroupMenus] ([Id], [GroupId], [MenuId], [Create], [Read], [Update], [Delete], [Import], [CreatedBy], [CreatedDate], [UpdatedBy], [UpdatedDate]) VALUES (5743, 33, 42, 1, 1, 1, 1, 0, N'Administrator', CAST(N'2024-02-21T17:29:25.7622417' AS DateTime2), NULL, NULL)
INSERT [dbo].[GroupMenus] ([Id], [GroupId], [MenuId], [Create], [Read], [Update], [Delete], [Import], [CreatedBy], [CreatedDate], [UpdatedBy], [UpdatedDate]) VALUES (5744, 33, 43, 1, 1, 1, 1, 0, N'Administrator', CAST(N'2024-02-21T17:29:25.7622418' AS DateTime2), NULL, NULL)
INSERT [dbo].[GroupMenus] ([Id], [GroupId], [MenuId], [Create], [Read], [Update], [Delete], [Import], [CreatedBy], [CreatedDate], [UpdatedBy], [UpdatedDate]) VALUES (5745, 33, 44, 1, 1, 1, 1, 0, N'Administrator', CAST(N'2024-02-21T17:29:25.7622420' AS DateTime2), NULL, NULL)
INSERT [dbo].[GroupMenus] ([Id], [GroupId], [MenuId], [Create], [Read], [Update], [Delete], [Import], [CreatedBy], [CreatedDate], [UpdatedBy], [UpdatedDate]) VALUES (5746, 33, 45, 1, 1, 1, 1, 0, N'Administrator', CAST(N'2024-02-21T17:29:25.7622422' AS DateTime2), NULL, NULL)
INSERT [dbo].[GroupMenus] ([Id], [GroupId], [MenuId], [Create], [Read], [Update], [Delete], [Import], [CreatedBy], [CreatedDate], [UpdatedBy], [UpdatedDate]) VALUES (5747, 33, 46, 1, 1, 1, 1, 0, N'Administrator', CAST(N'2024-02-21T17:29:25.7622424' AS DateTime2), NULL, NULL)
INSERT [dbo].[GroupMenus] ([Id], [GroupId], [MenuId], [Create], [Read], [Update], [Delete], [Import], [CreatedBy], [CreatedDate], [UpdatedBy], [UpdatedDate]) VALUES (5748, 33, 47, 1, 1, 1, 1, 0, N'Administrator', CAST(N'2024-02-21T17:29:25.7622426' AS DateTime2), NULL, NULL)
INSERT [dbo].[GroupMenus] ([Id], [GroupId], [MenuId], [Create], [Read], [Update], [Delete], [Import], [CreatedBy], [CreatedDate], [UpdatedBy], [UpdatedDate]) VALUES (5749, 33, 48, 1, 1, 1, 1, 0, N'Administrator', CAST(N'2024-02-21T17:29:25.7622428' AS DateTime2), NULL, NULL)
INSERT [dbo].[GroupMenus] ([Id], [GroupId], [MenuId], [Create], [Read], [Update], [Delete], [Import], [CreatedBy], [CreatedDate], [UpdatedBy], [UpdatedDate]) VALUES (5750, 33, 49, 1, 1, 1, 1, 0, N'Administrator', CAST(N'2024-02-21T17:29:25.7622430' AS DateTime2), NULL, NULL)
INSERT [dbo].[GroupMenus] ([Id], [GroupId], [MenuId], [Create], [Read], [Update], [Delete], [Import], [CreatedBy], [CreatedDate], [UpdatedBy], [UpdatedDate]) VALUES (5751, 33, 50, 1, 1, 1, 1, 0, N'Administrator', CAST(N'2024-02-21T17:29:25.7622431' AS DateTime2), NULL, NULL)
INSERT [dbo].[GroupMenus] ([Id], [GroupId], [MenuId], [Create], [Read], [Update], [Delete], [Import], [CreatedBy], [CreatedDate], [UpdatedBy], [UpdatedDate]) VALUES (5752, 33, 51, 1, 1, 1, 1, 0, N'Administrator', CAST(N'2024-02-21T17:29:25.7622432' AS DateTime2), NULL, NULL)
INSERT [dbo].[GroupMenus] ([Id], [GroupId], [MenuId], [Create], [Read], [Update], [Delete], [Import], [CreatedBy], [CreatedDate], [UpdatedBy], [UpdatedDate]) VALUES (5753, 33, 52, 1, 1, 1, 1, 0, N'Administrator', CAST(N'2024-02-21T17:29:25.7622434' AS DateTime2), NULL, NULL)
INSERT [dbo].[GroupMenus] ([Id], [GroupId], [MenuId], [Create], [Read], [Update], [Delete], [Import], [CreatedBy], [CreatedDate], [UpdatedBy], [UpdatedDate]) VALUES (5754, 33, 53, 1, 1, 1, 1, 0, N'Administrator', CAST(N'2024-02-21T17:29:25.7622436' AS DateTime2), NULL, NULL)
INSERT [dbo].[GroupMenus] ([Id], [GroupId], [MenuId], [Create], [Read], [Update], [Delete], [Import], [CreatedBy], [CreatedDate], [UpdatedBy], [UpdatedDate]) VALUES (5755, 33, 54, 1, 1, 1, 1, 0, N'Administrator', CAST(N'2024-02-21T17:29:25.7622437' AS DateTime2), NULL, NULL)
INSERT [dbo].[GroupMenus] ([Id], [GroupId], [MenuId], [Create], [Read], [Update], [Delete], [Import], [CreatedBy], [CreatedDate], [UpdatedBy], [UpdatedDate]) VALUES (5756, 33, 55, 1, 1, 1, 1, 0, N'Administrator', CAST(N'2024-02-21T17:29:25.7622439' AS DateTime2), NULL, NULL)
INSERT [dbo].[GroupMenus] ([Id], [GroupId], [MenuId], [Create], [Read], [Update], [Delete], [Import], [CreatedBy], [CreatedDate], [UpdatedBy], [UpdatedDate]) VALUES (5757, 33, 56, 1, 1, 1, 1, 0, N'Administrator', CAST(N'2024-02-21T17:29:25.7622440' AS DateTime2), NULL, NULL)
INSERT [dbo].[GroupMenus] ([Id], [GroupId], [MenuId], [Create], [Read], [Update], [Delete], [Import], [CreatedBy], [CreatedDate], [UpdatedBy], [UpdatedDate]) VALUES (5758, 33, 57, 1, 1, 1, 1, 0, N'Administrator', CAST(N'2024-02-21T17:29:25.7622442' AS DateTime2), NULL, NULL)
INSERT [dbo].[GroupMenus] ([Id], [GroupId], [MenuId], [Create], [Read], [Update], [Delete], [Import], [CreatedBy], [CreatedDate], [UpdatedBy], [UpdatedDate]) VALUES (5759, 33, 58, 1, 1, 1, 1, 0, N'Administrator', CAST(N'2024-02-21T17:29:25.7622443' AS DateTime2), NULL, NULL)
INSERT [dbo].[GroupMenus] ([Id], [GroupId], [MenuId], [Create], [Read], [Update], [Delete], [Import], [CreatedBy], [CreatedDate], [UpdatedBy], [UpdatedDate]) VALUES (5760, 33, 59, 1, 1, 1, 1, 0, N'Administrator', CAST(N'2024-02-21T17:29:25.7622445' AS DateTime2), NULL, NULL)
INSERT [dbo].[GroupMenus] ([Id], [GroupId], [MenuId], [Create], [Read], [Update], [Delete], [Import], [CreatedBy], [CreatedDate], [UpdatedBy], [UpdatedDate]) VALUES (5761, 33, 60, 1, 1, 1, 1, 0, N'Administrator', CAST(N'2024-02-21T17:29:25.7622446' AS DateTime2), NULL, NULL)
INSERT [dbo].[GroupMenus] ([Id], [GroupId], [MenuId], [Create], [Read], [Update], [Delete], [Import], [CreatedBy], [CreatedDate], [UpdatedBy], [UpdatedDate]) VALUES (5762, 33, 61, 1, 1, 1, 1, 0, N'Administrator', CAST(N'2024-02-21T17:29:25.7622448' AS DateTime2), NULL, NULL)
INSERT [dbo].[GroupMenus] ([Id], [GroupId], [MenuId], [Create], [Read], [Update], [Delete], [Import], [CreatedBy], [CreatedDate], [UpdatedBy], [UpdatedDate]) VALUES (5763, 33, 62, 1, 1, 1, 1, 0, N'Administrator', CAST(N'2024-02-21T17:29:25.7622449' AS DateTime2), NULL, NULL)
INSERT [dbo].[GroupMenus] ([Id], [GroupId], [MenuId], [Create], [Read], [Update], [Delete], [Import], [CreatedBy], [CreatedDate], [UpdatedBy], [UpdatedDate]) VALUES (5764, 33, 63, 1, 1, 1, 1, 0, N'Administrator', CAST(N'2024-02-21T17:29:25.7622451' AS DateTime2), NULL, NULL)
INSERT [dbo].[GroupMenus] ([Id], [GroupId], [MenuId], [Create], [Read], [Update], [Delete], [Import], [CreatedBy], [CreatedDate], [UpdatedBy], [UpdatedDate]) VALUES (5765, 33, 64, 1, 1, 1, 1, 0, N'Administrator', CAST(N'2024-02-21T17:29:25.7622452' AS DateTime2), NULL, NULL)
INSERT [dbo].[GroupMenus] ([Id], [GroupId], [MenuId], [Create], [Read], [Update], [Delete], [Import], [CreatedBy], [CreatedDate], [UpdatedBy], [UpdatedDate]) VALUES (5766, 33, 65, 1, 1, 1, 1, 0, N'Administrator', CAST(N'2024-02-21T17:29:25.7622453' AS DateTime2), NULL, NULL)
INSERT [dbo].[GroupMenus] ([Id], [GroupId], [MenuId], [Create], [Read], [Update], [Delete], [Import], [CreatedBy], [CreatedDate], [UpdatedBy], [UpdatedDate]) VALUES (5767, 33, 66, 1, 1, 1, 1, 0, N'Administrator', CAST(N'2024-02-21T17:29:25.7622455' AS DateTime2), NULL, NULL)
INSERT [dbo].[GroupMenus] ([Id], [GroupId], [MenuId], [Create], [Read], [Update], [Delete], [Import], [CreatedBy], [CreatedDate], [UpdatedBy], [UpdatedDate]) VALUES (5768, 33, 67, 1, 1, 1, 1, 0, N'Administrator', CAST(N'2024-02-21T17:29:25.7622457' AS DateTime2), NULL, NULL)
INSERT [dbo].[GroupMenus] ([Id], [GroupId], [MenuId], [Create], [Read], [Update], [Delete], [Import], [CreatedBy], [CreatedDate], [UpdatedBy], [UpdatedDate]) VALUES (5769, 33, 68, 1, 1, 1, 1, 0, N'Administrator', CAST(N'2024-02-21T17:29:25.7622458' AS DateTime2), NULL, NULL)
INSERT [dbo].[GroupMenus] ([Id], [GroupId], [MenuId], [Create], [Read], [Update], [Delete], [Import], [CreatedBy], [CreatedDate], [UpdatedBy], [UpdatedDate]) VALUES (5770, 33, 69, 1, 1, 1, 1, 0, N'Administrator', CAST(N'2024-02-21T17:29:25.7622460' AS DateTime2), NULL, NULL)
INSERT [dbo].[GroupMenus] ([Id], [GroupId], [MenuId], [Create], [Read], [Update], [Delete], [Import], [CreatedBy], [CreatedDate], [UpdatedBy], [UpdatedDate]) VALUES (5771, 33, 71, 1, 1, 1, 1, 0, N'Administrator', CAST(N'2024-02-21T17:29:25.7622461' AS DateTime2), NULL, NULL)
INSERT [dbo].[GroupMenus] ([Id], [GroupId], [MenuId], [Create], [Read], [Update], [Delete], [Import], [CreatedBy], [CreatedDate], [UpdatedBy], [UpdatedDate]) VALUES (5772, 33, 72, 1, 1, 1, 1, 0, N'Administrator', CAST(N'2024-02-21T17:29:25.7622463' AS DateTime2), NULL, NULL)
INSERT [dbo].[GroupMenus] ([Id], [GroupId], [MenuId], [Create], [Read], [Update], [Delete], [Import], [CreatedBy], [CreatedDate], [UpdatedBy], [UpdatedDate]) VALUES (5773, 33, 73, 1, 1, 1, 1, 0, N'Administrator', CAST(N'2024-02-21T17:29:25.7622464' AS DateTime2), NULL, NULL)
INSERT [dbo].[GroupMenus] ([Id], [GroupId], [MenuId], [Create], [Read], [Update], [Delete], [Import], [CreatedBy], [CreatedDate], [UpdatedBy], [UpdatedDate]) VALUES (5774, 33, 74, 1, 1, 1, 1, 0, N'Administrator', CAST(N'2024-02-21T17:29:25.7622465' AS DateTime2), NULL, NULL)
INSERT [dbo].[GroupMenus] ([Id], [GroupId], [MenuId], [Create], [Read], [Update], [Delete], [Import], [CreatedBy], [CreatedDate], [UpdatedBy], [UpdatedDate]) VALUES (5775, 33, 76, 1, 1, 1, 1, 0, N'Administrator', CAST(N'2024-02-21T17:29:25.7622467' AS DateTime2), NULL, NULL)
INSERT [dbo].[GroupMenus] ([Id], [GroupId], [MenuId], [Create], [Read], [Update], [Delete], [Import], [CreatedBy], [CreatedDate], [UpdatedBy], [UpdatedDate]) VALUES (5776, 33, 78, 1, 1, 1, 1, 0, N'Administrator', CAST(N'2024-02-21T17:29:25.7622469' AS DateTime2), NULL, NULL)
INSERT [dbo].[GroupMenus] ([Id], [GroupId], [MenuId], [Create], [Read], [Update], [Delete], [Import], [CreatedBy], [CreatedDate], [UpdatedBy], [UpdatedDate]) VALUES (5777, 33, 1075, 1, 1, 1, 1, 0, N'Administrator', CAST(N'2024-02-21T17:29:25.7622470' AS DateTime2), NULL, NULL)
INSERT [dbo].[GroupMenus] ([Id], [GroupId], [MenuId], [Create], [Read], [Update], [Delete], [Import], [CreatedBy], [CreatedDate], [UpdatedBy], [UpdatedDate]) VALUES (5778, 37, 1, 1, 1, 1, 1, 1, N'Administrator', CAST(N'2024-02-21T17:30:49.5808512' AS DateTime2), NULL, NULL)
INSERT [dbo].[GroupMenus] ([Id], [GroupId], [MenuId], [Create], [Read], [Update], [Delete], [Import], [CreatedBy], [CreatedDate], [UpdatedBy], [UpdatedDate]) VALUES (5779, 37, 2, 1, 1, 1, 1, 1, N'Administrator', CAST(N'2024-02-21T17:30:49.5808536' AS DateTime2), NULL, NULL)
INSERT [dbo].[GroupMenus] ([Id], [GroupId], [MenuId], [Create], [Read], [Update], [Delete], [Import], [CreatedBy], [CreatedDate], [UpdatedBy], [UpdatedDate]) VALUES (5780, 37, 3, 1, 1, 1, 1, 1, N'Administrator', CAST(N'2024-02-21T17:30:49.5808539' AS DateTime2), NULL, NULL)
INSERT [dbo].[GroupMenus] ([Id], [GroupId], [MenuId], [Create], [Read], [Update], [Delete], [Import], [CreatedBy], [CreatedDate], [UpdatedBy], [UpdatedDate]) VALUES (5781, 37, 4, 1, 1, 1, 1, 1, N'Administrator', CAST(N'2024-02-21T17:30:49.5808541' AS DateTime2), NULL, NULL)
INSERT [dbo].[GroupMenus] ([Id], [GroupId], [MenuId], [Create], [Read], [Update], [Delete], [Import], [CreatedBy], [CreatedDate], [UpdatedBy], [UpdatedDate]) VALUES (5782, 37, 5, 1, 1, 1, 1, 1, N'Administrator', CAST(N'2024-02-21T17:30:49.5808543' AS DateTime2), NULL, NULL)
INSERT [dbo].[GroupMenus] ([Id], [GroupId], [MenuId], [Create], [Read], [Update], [Delete], [Import], [CreatedBy], [CreatedDate], [UpdatedBy], [UpdatedDate]) VALUES (5783, 37, 6, 1, 1, 1, 1, 1, N'Administrator', CAST(N'2024-02-21T17:30:49.5808547' AS DateTime2), NULL, NULL)
INSERT [dbo].[GroupMenus] ([Id], [GroupId], [MenuId], [Create], [Read], [Update], [Delete], [Import], [CreatedBy], [CreatedDate], [UpdatedBy], [UpdatedDate]) VALUES (5784, 37, 7, 1, 1, 1, 1, 1, N'Administrator', CAST(N'2024-02-21T17:30:49.5808549' AS DateTime2), NULL, NULL)
INSERT [dbo].[GroupMenus] ([Id], [GroupId], [MenuId], [Create], [Read], [Update], [Delete], [Import], [CreatedBy], [CreatedDate], [UpdatedBy], [UpdatedDate]) VALUES (5785, 37, 8, 1, 1, 1, 1, 1, N'Administrator', CAST(N'2024-02-21T17:30:49.5808550' AS DateTime2), NULL, NULL)
INSERT [dbo].[GroupMenus] ([Id], [GroupId], [MenuId], [Create], [Read], [Update], [Delete], [Import], [CreatedBy], [CreatedDate], [UpdatedBy], [UpdatedDate]) VALUES (5786, 37, 9, 1, 1, 1, 1, 1, N'Administrator', CAST(N'2024-02-21T17:30:49.5808552' AS DateTime2), NULL, NULL)
INSERT [dbo].[GroupMenus] ([Id], [GroupId], [MenuId], [Create], [Read], [Update], [Delete], [Import], [CreatedBy], [CreatedDate], [UpdatedBy], [UpdatedDate]) VALUES (5787, 37, 10, 1, 1, 1, 1, 1, N'Administrator', CAST(N'2024-02-21T17:30:49.5808553' AS DateTime2), NULL, NULL)
INSERT [dbo].[GroupMenus] ([Id], [GroupId], [MenuId], [Create], [Read], [Update], [Delete], [Import], [CreatedBy], [CreatedDate], [UpdatedBy], [UpdatedDate]) VALUES (5788, 37, 11, 1, 1, 1, 1, 1, N'Administrator', CAST(N'2024-02-21T17:30:49.5808556' AS DateTime2), NULL, NULL)
INSERT [dbo].[GroupMenus] ([Id], [GroupId], [MenuId], [Create], [Read], [Update], [Delete], [Import], [CreatedBy], [CreatedDate], [UpdatedBy], [UpdatedDate]) VALUES (5789, 37, 12, 1, 1, 1, 1, 1, N'Administrator', CAST(N'2024-02-21T17:30:49.5808558' AS DateTime2), NULL, NULL)
INSERT [dbo].[GroupMenus] ([Id], [GroupId], [MenuId], [Create], [Read], [Update], [Delete], [Import], [CreatedBy], [CreatedDate], [UpdatedBy], [UpdatedDate]) VALUES (5790, 37, 13, 1, 1, 1, 1, 1, N'Administrator', CAST(N'2024-02-21T17:30:49.5808560' AS DateTime2), NULL, NULL)
INSERT [dbo].[GroupMenus] ([Id], [GroupId], [MenuId], [Create], [Read], [Update], [Delete], [Import], [CreatedBy], [CreatedDate], [UpdatedBy], [UpdatedDate]) VALUES (5791, 37, 14, 1, 1, 1, 1, 1, N'Administrator', CAST(N'2024-02-21T17:30:49.5808562' AS DateTime2), NULL, NULL)
INSERT [dbo].[GroupMenus] ([Id], [GroupId], [MenuId], [Create], [Read], [Update], [Delete], [Import], [CreatedBy], [CreatedDate], [UpdatedBy], [UpdatedDate]) VALUES (5792, 37, 15, 1, 1, 1, 1, 1, N'Administrator', CAST(N'2024-02-21T17:30:49.5808583' AS DateTime2), NULL, NULL)
INSERT [dbo].[GroupMenus] ([Id], [GroupId], [MenuId], [Create], [Read], [Update], [Delete], [Import], [CreatedBy], [CreatedDate], [UpdatedBy], [UpdatedDate]) VALUES (5793, 37, 16, 1, 1, 1, 1, 1, N'Administrator', CAST(N'2024-02-21T17:30:49.5808584' AS DateTime2), NULL, NULL)
GO
INSERT [dbo].[GroupMenus] ([Id], [GroupId], [MenuId], [Create], [Read], [Update], [Delete], [Import], [CreatedBy], [CreatedDate], [UpdatedBy], [UpdatedDate]) VALUES (5794, 37, 17, 1, 1, 1, 1, 1, N'Administrator', CAST(N'2024-02-21T17:30:49.5808586' AS DateTime2), NULL, NULL)
INSERT [dbo].[GroupMenus] ([Id], [GroupId], [MenuId], [Create], [Read], [Update], [Delete], [Import], [CreatedBy], [CreatedDate], [UpdatedBy], [UpdatedDate]) VALUES (5795, 37, 18, 1, 1, 1, 1, 1, N'Administrator', CAST(N'2024-02-21T17:30:49.5808588' AS DateTime2), NULL, NULL)
INSERT [dbo].[GroupMenus] ([Id], [GroupId], [MenuId], [Create], [Read], [Update], [Delete], [Import], [CreatedBy], [CreatedDate], [UpdatedBy], [UpdatedDate]) VALUES (5796, 37, 19, 1, 1, 1, 1, 1, N'Administrator', CAST(N'2024-02-21T17:30:49.5808590' AS DateTime2), NULL, NULL)
INSERT [dbo].[GroupMenus] ([Id], [GroupId], [MenuId], [Create], [Read], [Update], [Delete], [Import], [CreatedBy], [CreatedDate], [UpdatedBy], [UpdatedDate]) VALUES (5797, 37, 20, 1, 1, 1, 1, 1, N'Administrator', CAST(N'2024-02-21T17:30:49.5808593' AS DateTime2), NULL, NULL)
INSERT [dbo].[GroupMenus] ([Id], [GroupId], [MenuId], [Create], [Read], [Update], [Delete], [Import], [CreatedBy], [CreatedDate], [UpdatedBy], [UpdatedDate]) VALUES (5798, 37, 21, 1, 1, 1, 1, 1, N'Administrator', CAST(N'2024-02-21T17:30:49.5808595' AS DateTime2), NULL, NULL)
INSERT [dbo].[GroupMenus] ([Id], [GroupId], [MenuId], [Create], [Read], [Update], [Delete], [Import], [CreatedBy], [CreatedDate], [UpdatedBy], [UpdatedDate]) VALUES (5799, 37, 22, 1, 1, 1, 1, 1, N'Administrator', CAST(N'2024-02-21T17:30:49.5808597' AS DateTime2), NULL, NULL)
INSERT [dbo].[GroupMenus] ([Id], [GroupId], [MenuId], [Create], [Read], [Update], [Delete], [Import], [CreatedBy], [CreatedDate], [UpdatedBy], [UpdatedDate]) VALUES (5800, 37, 23, 1, 1, 1, 1, 1, N'Administrator', CAST(N'2024-02-21T17:30:49.5808599' AS DateTime2), NULL, NULL)
INSERT [dbo].[GroupMenus] ([Id], [GroupId], [MenuId], [Create], [Read], [Update], [Delete], [Import], [CreatedBy], [CreatedDate], [UpdatedBy], [UpdatedDate]) VALUES (5801, 37, 24, 1, 1, 1, 1, 1, N'Administrator', CAST(N'2024-02-21T17:30:49.5808601' AS DateTime2), NULL, NULL)
INSERT [dbo].[GroupMenus] ([Id], [GroupId], [MenuId], [Create], [Read], [Update], [Delete], [Import], [CreatedBy], [CreatedDate], [UpdatedBy], [UpdatedDate]) VALUES (5802, 37, 26, 1, 1, 1, 1, 1, N'Administrator', CAST(N'2024-02-21T17:30:49.5808602' AS DateTime2), NULL, NULL)
INSERT [dbo].[GroupMenus] ([Id], [GroupId], [MenuId], [Create], [Read], [Update], [Delete], [Import], [CreatedBy], [CreatedDate], [UpdatedBy], [UpdatedDate]) VALUES (5803, 37, 27, 1, 1, 1, 1, 1, N'Administrator', CAST(N'2024-02-21T17:30:49.5808604' AS DateTime2), NULL, NULL)
INSERT [dbo].[GroupMenus] ([Id], [GroupId], [MenuId], [Create], [Read], [Update], [Delete], [Import], [CreatedBy], [CreatedDate], [UpdatedBy], [UpdatedDate]) VALUES (5804, 37, 28, 1, 1, 1, 1, 1, N'Administrator', CAST(N'2024-02-21T17:30:49.5808606' AS DateTime2), NULL, NULL)
INSERT [dbo].[GroupMenus] ([Id], [GroupId], [MenuId], [Create], [Read], [Update], [Delete], [Import], [CreatedBy], [CreatedDate], [UpdatedBy], [UpdatedDate]) VALUES (5805, 37, 29, 1, 1, 1, 1, 1, N'Administrator', CAST(N'2024-02-21T17:30:49.5808607' AS DateTime2), NULL, NULL)
INSERT [dbo].[GroupMenus] ([Id], [GroupId], [MenuId], [Create], [Read], [Update], [Delete], [Import], [CreatedBy], [CreatedDate], [UpdatedBy], [UpdatedDate]) VALUES (5806, 37, 30, 1, 1, 1, 1, 1, N'Administrator', CAST(N'2024-02-21T17:30:49.5808609' AS DateTime2), NULL, NULL)
INSERT [dbo].[GroupMenus] ([Id], [GroupId], [MenuId], [Create], [Read], [Update], [Delete], [Import], [CreatedBy], [CreatedDate], [UpdatedBy], [UpdatedDate]) VALUES (5807, 37, 31, 1, 1, 1, 1, 1, N'Administrator', CAST(N'2024-02-21T17:30:49.5808612' AS DateTime2), NULL, NULL)
INSERT [dbo].[GroupMenus] ([Id], [GroupId], [MenuId], [Create], [Read], [Update], [Delete], [Import], [CreatedBy], [CreatedDate], [UpdatedBy], [UpdatedDate]) VALUES (5808, 37, 32, 1, 1, 1, 1, 1, N'Administrator', CAST(N'2024-02-21T17:30:49.5808614' AS DateTime2), NULL, NULL)
INSERT [dbo].[GroupMenus] ([Id], [GroupId], [MenuId], [Create], [Read], [Update], [Delete], [Import], [CreatedBy], [CreatedDate], [UpdatedBy], [UpdatedDate]) VALUES (5809, 37, 34, 1, 1, 1, 1, 1, N'Administrator', CAST(N'2024-02-21T17:30:49.5808615' AS DateTime2), NULL, NULL)
INSERT [dbo].[GroupMenus] ([Id], [GroupId], [MenuId], [Create], [Read], [Update], [Delete], [Import], [CreatedBy], [CreatedDate], [UpdatedBy], [UpdatedDate]) VALUES (5810, 37, 35, 1, 1, 1, 1, 1, N'Administrator', CAST(N'2024-02-21T17:30:49.5808617' AS DateTime2), NULL, NULL)
INSERT [dbo].[GroupMenus] ([Id], [GroupId], [MenuId], [Create], [Read], [Update], [Delete], [Import], [CreatedBy], [CreatedDate], [UpdatedBy], [UpdatedDate]) VALUES (5811, 37, 36, 1, 1, 1, 1, 1, N'Administrator', CAST(N'2024-02-21T17:30:49.5808618' AS DateTime2), NULL, NULL)
INSERT [dbo].[GroupMenus] ([Id], [GroupId], [MenuId], [Create], [Read], [Update], [Delete], [Import], [CreatedBy], [CreatedDate], [UpdatedBy], [UpdatedDate]) VALUES (5812, 37, 37, 1, 1, 1, 1, 1, N'Administrator', CAST(N'2024-02-21T17:30:49.5808620' AS DateTime2), NULL, NULL)
INSERT [dbo].[GroupMenus] ([Id], [GroupId], [MenuId], [Create], [Read], [Update], [Delete], [Import], [CreatedBy], [CreatedDate], [UpdatedBy], [UpdatedDate]) VALUES (5813, 37, 38, 1, 1, 1, 1, 1, N'Administrator', CAST(N'2024-02-21T17:30:49.5808661' AS DateTime2), NULL, NULL)
INSERT [dbo].[GroupMenus] ([Id], [GroupId], [MenuId], [Create], [Read], [Update], [Delete], [Import], [CreatedBy], [CreatedDate], [UpdatedBy], [UpdatedDate]) VALUES (5814, 37, 39, 1, 1, 1, 1, 1, N'Administrator', CAST(N'2024-02-21T17:30:49.5808664' AS DateTime2), NULL, NULL)
INSERT [dbo].[GroupMenus] ([Id], [GroupId], [MenuId], [Create], [Read], [Update], [Delete], [Import], [CreatedBy], [CreatedDate], [UpdatedBy], [UpdatedDate]) VALUES (5815, 37, 40, 1, 1, 1, 1, 1, N'Administrator', CAST(N'2024-02-21T17:30:49.5808666' AS DateTime2), NULL, NULL)
INSERT [dbo].[GroupMenus] ([Id], [GroupId], [MenuId], [Create], [Read], [Update], [Delete], [Import], [CreatedBy], [CreatedDate], [UpdatedBy], [UpdatedDate]) VALUES (5816, 37, 41, 1, 1, 1, 1, 1, N'Administrator', CAST(N'2024-02-21T17:30:49.5808668' AS DateTime2), NULL, NULL)
INSERT [dbo].[GroupMenus] ([Id], [GroupId], [MenuId], [Create], [Read], [Update], [Delete], [Import], [CreatedBy], [CreatedDate], [UpdatedBy], [UpdatedDate]) VALUES (5817, 37, 42, 1, 1, 1, 1, 1, N'Administrator', CAST(N'2024-02-21T17:30:49.5808669' AS DateTime2), NULL, NULL)
INSERT [dbo].[GroupMenus] ([Id], [GroupId], [MenuId], [Create], [Read], [Update], [Delete], [Import], [CreatedBy], [CreatedDate], [UpdatedBy], [UpdatedDate]) VALUES (5818, 37, 43, 1, 1, 1, 1, 1, N'Administrator', CAST(N'2024-02-21T17:30:49.5808671' AS DateTime2), NULL, NULL)
INSERT [dbo].[GroupMenus] ([Id], [GroupId], [MenuId], [Create], [Read], [Update], [Delete], [Import], [CreatedBy], [CreatedDate], [UpdatedBy], [UpdatedDate]) VALUES (5819, 37, 44, 1, 1, 1, 1, 1, N'Administrator', CAST(N'2024-02-21T17:30:49.5808673' AS DateTime2), NULL, NULL)
INSERT [dbo].[GroupMenus] ([Id], [GroupId], [MenuId], [Create], [Read], [Update], [Delete], [Import], [CreatedBy], [CreatedDate], [UpdatedBy], [UpdatedDate]) VALUES (5820, 37, 45, 1, 1, 1, 1, 1, N'Administrator', CAST(N'2024-02-21T17:30:49.5808674' AS DateTime2), NULL, NULL)
INSERT [dbo].[GroupMenus] ([Id], [GroupId], [MenuId], [Create], [Read], [Update], [Delete], [Import], [CreatedBy], [CreatedDate], [UpdatedBy], [UpdatedDate]) VALUES (5821, 37, 46, 1, 1, 1, 1, 1, N'Administrator', CAST(N'2024-02-21T17:30:49.5808675' AS DateTime2), NULL, NULL)
INSERT [dbo].[GroupMenus] ([Id], [GroupId], [MenuId], [Create], [Read], [Update], [Delete], [Import], [CreatedBy], [CreatedDate], [UpdatedBy], [UpdatedDate]) VALUES (5822, 37, 47, 1, 1, 1, 1, 1, N'Administrator', CAST(N'2024-02-21T17:30:49.5808677' AS DateTime2), NULL, NULL)
INSERT [dbo].[GroupMenus] ([Id], [GroupId], [MenuId], [Create], [Read], [Update], [Delete], [Import], [CreatedBy], [CreatedDate], [UpdatedBy], [UpdatedDate]) VALUES (5823, 37, 48, 1, 1, 1, 1, 1, N'Administrator', CAST(N'2024-02-21T17:30:49.5808678' AS DateTime2), NULL, NULL)
INSERT [dbo].[GroupMenus] ([Id], [GroupId], [MenuId], [Create], [Read], [Update], [Delete], [Import], [CreatedBy], [CreatedDate], [UpdatedBy], [UpdatedDate]) VALUES (5824, 37, 49, 1, 1, 1, 1, 1, N'Administrator', CAST(N'2024-02-21T17:30:49.5808680' AS DateTime2), NULL, NULL)
INSERT [dbo].[GroupMenus] ([Id], [GroupId], [MenuId], [Create], [Read], [Update], [Delete], [Import], [CreatedBy], [CreatedDate], [UpdatedBy], [UpdatedDate]) VALUES (5825, 37, 50, 1, 1, 1, 1, 1, N'Administrator', CAST(N'2024-02-21T17:30:49.5808681' AS DateTime2), NULL, NULL)
INSERT [dbo].[GroupMenus] ([Id], [GroupId], [MenuId], [Create], [Read], [Update], [Delete], [Import], [CreatedBy], [CreatedDate], [UpdatedBy], [UpdatedDate]) VALUES (5826, 37, 51, 1, 1, 1, 1, 1, N'Administrator', CAST(N'2024-02-21T17:30:49.5808683' AS DateTime2), NULL, NULL)
INSERT [dbo].[GroupMenus] ([Id], [GroupId], [MenuId], [Create], [Read], [Update], [Delete], [Import], [CreatedBy], [CreatedDate], [UpdatedBy], [UpdatedDate]) VALUES (5827, 37, 52, 1, 1, 1, 1, 1, N'Administrator', CAST(N'2024-02-21T17:30:49.5808685' AS DateTime2), NULL, NULL)
INSERT [dbo].[GroupMenus] ([Id], [GroupId], [MenuId], [Create], [Read], [Update], [Delete], [Import], [CreatedBy], [CreatedDate], [UpdatedBy], [UpdatedDate]) VALUES (5828, 37, 53, 1, 1, 1, 1, 1, N'Administrator', CAST(N'2024-02-21T17:30:49.5808686' AS DateTime2), NULL, NULL)
INSERT [dbo].[GroupMenus] ([Id], [GroupId], [MenuId], [Create], [Read], [Update], [Delete], [Import], [CreatedBy], [CreatedDate], [UpdatedBy], [UpdatedDate]) VALUES (5829, 37, 54, 1, 1, 1, 1, 1, N'Administrator', CAST(N'2024-02-21T17:30:49.5808687' AS DateTime2), NULL, NULL)
INSERT [dbo].[GroupMenus] ([Id], [GroupId], [MenuId], [Create], [Read], [Update], [Delete], [Import], [CreatedBy], [CreatedDate], [UpdatedBy], [UpdatedDate]) VALUES (5830, 37, 55, 1, 1, 1, 1, 1, N'Administrator', CAST(N'2024-02-21T17:30:49.5808689' AS DateTime2), NULL, NULL)
INSERT [dbo].[GroupMenus] ([Id], [GroupId], [MenuId], [Create], [Read], [Update], [Delete], [Import], [CreatedBy], [CreatedDate], [UpdatedBy], [UpdatedDate]) VALUES (5831, 37, 56, 1, 1, 1, 1, 1, N'Administrator', CAST(N'2024-02-21T17:30:49.5808690' AS DateTime2), NULL, NULL)
INSERT [dbo].[GroupMenus] ([Id], [GroupId], [MenuId], [Create], [Read], [Update], [Delete], [Import], [CreatedBy], [CreatedDate], [UpdatedBy], [UpdatedDate]) VALUES (5832, 37, 57, 1, 1, 1, 1, 1, N'Administrator', CAST(N'2024-02-21T17:30:49.5808692' AS DateTime2), NULL, NULL)
INSERT [dbo].[GroupMenus] ([Id], [GroupId], [MenuId], [Create], [Read], [Update], [Delete], [Import], [CreatedBy], [CreatedDate], [UpdatedBy], [UpdatedDate]) VALUES (5833, 37, 58, 1, 1, 1, 1, 1, N'Administrator', CAST(N'2024-02-21T17:30:49.5808693' AS DateTime2), NULL, NULL)
INSERT [dbo].[GroupMenus] ([Id], [GroupId], [MenuId], [Create], [Read], [Update], [Delete], [Import], [CreatedBy], [CreatedDate], [UpdatedBy], [UpdatedDate]) VALUES (5834, 37, 59, 1, 1, 1, 1, 1, N'Administrator', CAST(N'2024-02-21T17:30:49.5808694' AS DateTime2), NULL, NULL)
INSERT [dbo].[GroupMenus] ([Id], [GroupId], [MenuId], [Create], [Read], [Update], [Delete], [Import], [CreatedBy], [CreatedDate], [UpdatedBy], [UpdatedDate]) VALUES (5835, 37, 60, 1, 1, 1, 1, 1, N'Administrator', CAST(N'2024-02-21T17:30:49.5808696' AS DateTime2), NULL, NULL)
INSERT [dbo].[GroupMenus] ([Id], [GroupId], [MenuId], [Create], [Read], [Update], [Delete], [Import], [CreatedBy], [CreatedDate], [UpdatedBy], [UpdatedDate]) VALUES (5836, 37, 61, 1, 1, 1, 1, 1, N'Administrator', CAST(N'2024-02-21T17:30:49.5808697' AS DateTime2), NULL, NULL)
INSERT [dbo].[GroupMenus] ([Id], [GroupId], [MenuId], [Create], [Read], [Update], [Delete], [Import], [CreatedBy], [CreatedDate], [UpdatedBy], [UpdatedDate]) VALUES (5837, 37, 62, 1, 1, 1, 1, 1, N'Administrator', CAST(N'2024-02-21T17:30:49.5808699' AS DateTime2), NULL, NULL)
INSERT [dbo].[GroupMenus] ([Id], [GroupId], [MenuId], [Create], [Read], [Update], [Delete], [Import], [CreatedBy], [CreatedDate], [UpdatedBy], [UpdatedDate]) VALUES (5838, 37, 63, 1, 1, 1, 1, 1, N'Administrator', CAST(N'2024-02-21T17:30:49.5808700' AS DateTime2), NULL, NULL)
INSERT [dbo].[GroupMenus] ([Id], [GroupId], [MenuId], [Create], [Read], [Update], [Delete], [Import], [CreatedBy], [CreatedDate], [UpdatedBy], [UpdatedDate]) VALUES (5839, 37, 64, 1, 1, 1, 1, 1, N'Administrator', CAST(N'2024-02-21T17:30:49.5808702' AS DateTime2), NULL, NULL)
INSERT [dbo].[GroupMenus] ([Id], [GroupId], [MenuId], [Create], [Read], [Update], [Delete], [Import], [CreatedBy], [CreatedDate], [UpdatedBy], [UpdatedDate]) VALUES (5840, 37, 65, 1, 1, 1, 1, 1, N'Administrator', CAST(N'2024-02-21T17:30:49.5808704' AS DateTime2), NULL, NULL)
INSERT [dbo].[GroupMenus] ([Id], [GroupId], [MenuId], [Create], [Read], [Update], [Delete], [Import], [CreatedBy], [CreatedDate], [UpdatedBy], [UpdatedDate]) VALUES (5841, 37, 66, 1, 1, 1, 1, 1, N'Administrator', CAST(N'2024-02-21T17:30:49.5808705' AS DateTime2), NULL, NULL)
INSERT [dbo].[GroupMenus] ([Id], [GroupId], [MenuId], [Create], [Read], [Update], [Delete], [Import], [CreatedBy], [CreatedDate], [UpdatedBy], [UpdatedDate]) VALUES (5842, 37, 67, 1, 1, 1, 1, 1, N'Administrator', CAST(N'2024-02-21T17:30:49.5808706' AS DateTime2), NULL, NULL)
INSERT [dbo].[GroupMenus] ([Id], [GroupId], [MenuId], [Create], [Read], [Update], [Delete], [Import], [CreatedBy], [CreatedDate], [UpdatedBy], [UpdatedDate]) VALUES (5843, 37, 68, 1, 1, 1, 1, 1, N'Administrator', CAST(N'2024-02-21T17:30:49.5808708' AS DateTime2), NULL, NULL)
INSERT [dbo].[GroupMenus] ([Id], [GroupId], [MenuId], [Create], [Read], [Update], [Delete], [Import], [CreatedBy], [CreatedDate], [UpdatedBy], [UpdatedDate]) VALUES (5844, 37, 69, 1, 1, 1, 1, 1, N'Administrator', CAST(N'2024-02-21T17:30:49.5808709' AS DateTime2), NULL, NULL)
INSERT [dbo].[GroupMenus] ([Id], [GroupId], [MenuId], [Create], [Read], [Update], [Delete], [Import], [CreatedBy], [CreatedDate], [UpdatedBy], [UpdatedDate]) VALUES (5845, 37, 71, 1, 1, 1, 1, 1, N'Administrator', CAST(N'2024-02-21T17:30:49.5808711' AS DateTime2), NULL, NULL)
INSERT [dbo].[GroupMenus] ([Id], [GroupId], [MenuId], [Create], [Read], [Update], [Delete], [Import], [CreatedBy], [CreatedDate], [UpdatedBy], [UpdatedDate]) VALUES (5846, 37, 72, 1, 1, 1, 1, 1, N'Administrator', CAST(N'2024-02-21T17:30:49.5808712' AS DateTime2), NULL, NULL)
INSERT [dbo].[GroupMenus] ([Id], [GroupId], [MenuId], [Create], [Read], [Update], [Delete], [Import], [CreatedBy], [CreatedDate], [UpdatedBy], [UpdatedDate]) VALUES (5847, 37, 73, 1, 1, 1, 1, 1, N'Administrator', CAST(N'2024-02-21T17:30:49.5808714' AS DateTime2), NULL, NULL)
INSERT [dbo].[GroupMenus] ([Id], [GroupId], [MenuId], [Create], [Read], [Update], [Delete], [Import], [CreatedBy], [CreatedDate], [UpdatedBy], [UpdatedDate]) VALUES (5848, 37, 74, 1, 1, 1, 1, 1, N'Administrator', CAST(N'2024-02-21T17:30:49.5808715' AS DateTime2), NULL, NULL)
INSERT [dbo].[GroupMenus] ([Id], [GroupId], [MenuId], [Create], [Read], [Update], [Delete], [Import], [CreatedBy], [CreatedDate], [UpdatedBy], [UpdatedDate]) VALUES (5849, 37, 76, 1, 1, 1, 1, 1, N'Administrator', CAST(N'2024-02-21T17:30:49.5808717' AS DateTime2), NULL, NULL)
INSERT [dbo].[GroupMenus] ([Id], [GroupId], [MenuId], [Create], [Read], [Update], [Delete], [Import], [CreatedBy], [CreatedDate], [UpdatedBy], [UpdatedDate]) VALUES (5850, 37, 1075, 1, 1, 1, 1, 1, N'Administrator', CAST(N'2024-02-21T17:30:49.5808718' AS DateTime2), NULL, NULL)
SET IDENTITY_INSERT [dbo].[GroupMenus] OFF
GO
SET IDENTITY_INSERT [dbo].[Groups] ON 

INSERT [dbo].[Groups] ([Id], [Name], [CreatedBy], [CreatedDate], [UpdatedBy], [UpdatedDate]) VALUES (33, N'Admin', NULL, CAST(N'2024-01-30T03:43:54.4202458' AS DateTime2), NULL, NULL)
INSERT [dbo].[Groups] ([Id], [Name], [CreatedBy], [CreatedDate], [UpdatedBy], [UpdatedDate]) VALUES (34, N'Group Master data wilayah', NULL, CAST(N'2024-01-30T03:43:30.3373206' AS DateTime2), NULL, NULL)
INSERT [dbo].[Groups] ([Id], [Name], [CreatedBy], [CreatedDate], [UpdatedBy], [UpdatedDate]) VALUES (36, N'Configuration', NULL, CAST(N'2024-01-30T08:36:34.0038391' AS DateTime2), NULL, NULL)
INSERT [dbo].[Groups] ([Id], [Name], [CreatedBy], [CreatedDate], [UpdatedBy], [UpdatedDate]) VALUES (37, N'Administrator', N'Administrator', CAST(N'2024-02-16T14:57:58.5874576' AS DateTime2), NULL, NULL)
SET IDENTITY_INSERT [dbo].[Groups] OFF
GO
SET IDENTITY_INSERT [dbo].[HealthCenters] ON 

INSERT [dbo].[HealthCenters] ([Id], [CityId], [ProvinceId], [CountryId], [Name], [Type], [Phone], [Mobile], [Email], [Street1], [Street2], [WebsiteLink], [CreatedBy], [CreatedDate], [UpdatedBy], [UpdatedDate]) VALUES (3, 4, 3, 41, N'Mc Dermott', N'McDermott', NULL, NULL, NULL, N'Jakarta', NULL, N'McDermott.com', NULL, CAST(N'2024-01-25T02:55:01.9486067' AS DateTime2), NULL, NULL)
SET IDENTITY_INSERT [dbo].[HealthCenters] OFF
GO
SET IDENTITY_INSERT [dbo].[InsurancePolicies] ON 

INSERT [dbo].[InsurancePolicies] ([Id], [UserId], [InsuranceId], [PolicyNumber], [Active], [Prolanis], [ParticipantName], [NoCard], [NoId], [Sex], [Class], [MedicalRecordNo], [ServicePPKName], [ServicePPKCode], [PhoneNumber], [NursingClass], [Diagnosa], [Poly], [Doctor], [DateOfBirth], [CardPrintDate], [TmtDate], [TatDate], [ParticipantStatus], [ServiceType], [ServiceParticipant], [CurrentAge], [AgeAtTimeOfService], [DinSos], [PronalisPBR], [NoSKTM], [InsuranceNo], [InsuranceName], [ProviderName], [CreatedBy], [CreatedDate], [UpdatedBy], [UpdatedDate]) VALUES (1002, 75, 13, N'2223454', 1, NULL, NULL, NULL, NULL, NULL, NULL, NULL, NULL, NULL, NULL, NULL, NULL, NULL, NULL, NULL, NULL, NULL, NULL, NULL, NULL, NULL, NULL, NULL, NULL, NULL, NULL, NULL, NULL, NULL, N'Administrator', CAST(N'2024-02-19T11:09:23.3177135' AS DateTime2), NULL, NULL)
INSERT [dbo].[InsurancePolicies] ([Id], [UserId], [InsuranceId], [PolicyNumber], [Active], [Prolanis], [ParticipantName], [NoCard], [NoId], [Sex], [Class], [MedicalRecordNo], [ServicePPKName], [ServicePPKCode], [PhoneNumber], [NursingClass], [Diagnosa], [Poly], [Doctor], [DateOfBirth], [CardPrintDate], [TmtDate], [TatDate], [ParticipantStatus], [ServiceType], [ServiceParticipant], [CurrentAge], [AgeAtTimeOfService], [DinSos], [PronalisPBR], [NoSKTM], [InsuranceNo], [InsuranceName], [ProviderName], [CreatedBy], [CreatedDate], [UpdatedBy], [UpdatedDate]) VALUES (1005, 76, 11, N'20022004001', 1, NULL, NULL, NULL, NULL, NULL, NULL, NULL, NULL, NULL, NULL, NULL, NULL, NULL, NULL, NULL, NULL, NULL, NULL, NULL, NULL, NULL, NULL, NULL, NULL, NULL, NULL, NULL, NULL, NULL, N'Argi P', CAST(N'2024-02-20T09:26:48.5087643' AS DateTime2), NULL, NULL)
INSERT [dbo].[InsurancePolicies] ([Id], [UserId], [InsuranceId], [PolicyNumber], [Active], [Prolanis], [ParticipantName], [NoCard], [NoId], [Sex], [Class], [MedicalRecordNo], [ServicePPKName], [ServicePPKCode], [PhoneNumber], [NursingClass], [Diagnosa], [Poly], [Doctor], [DateOfBirth], [CardPrintDate], [TmtDate], [TatDate], [ParticipantStatus], [ServiceType], [ServiceParticipant], [CurrentAge], [AgeAtTimeOfService], [DinSos], [PronalisPBR], [NoSKTM], [InsuranceNo], [InsuranceName], [ProviderName], [CreatedBy], [CreatedDate], [UpdatedBy], [UpdatedDate]) VALUES (1006, 76, 17, N'20022004002', 1, NULL, NULL, NULL, NULL, NULL, NULL, NULL, NULL, NULL, NULL, NULL, NULL, NULL, NULL, NULL, NULL, NULL, NULL, NULL, NULL, NULL, NULL, NULL, NULL, NULL, NULL, NULL, NULL, NULL, N'Argi P', CAST(N'2024-02-20T09:28:40.3987446' AS DateTime2), NULL, NULL)
INSERT [dbo].[InsurancePolicies] ([Id], [UserId], [InsuranceId], [PolicyNumber], [Active], [Prolanis], [ParticipantName], [NoCard], [NoId], [Sex], [Class], [MedicalRecordNo], [ServicePPKName], [ServicePPKCode], [PhoneNumber], [NursingClass], [Diagnosa], [Poly], [Doctor], [DateOfBirth], [CardPrintDate], [TmtDate], [TatDate], [ParticipantStatus], [ServiceType], [ServiceParticipant], [CurrentAge], [AgeAtTimeOfService], [DinSos], [PronalisPBR], [NoSKTM], [InsuranceNo], [InsuranceName], [ProviderName], [CreatedBy], [CreatedDate], [UpdatedBy], [UpdatedDate]) VALUES (1007, 82, 11, N'20022004100', 1, NULL, NULL, NULL, NULL, NULL, NULL, NULL, NULL, NULL, NULL, NULL, NULL, NULL, NULL, NULL, NULL, NULL, NULL, NULL, NULL, NULL, NULL, NULL, NULL, NULL, NULL, NULL, NULL, NULL, N'Argi P', CAST(N'2024-02-20T15:44:27.0196612' AS DateTime2), NULL, NULL)
INSERT [dbo].[InsurancePolicies] ([Id], [UserId], [InsuranceId], [PolicyNumber], [Active], [Prolanis], [ParticipantName], [NoCard], [NoId], [Sex], [Class], [MedicalRecordNo], [ServicePPKName], [ServicePPKCode], [PhoneNumber], [NursingClass], [Diagnosa], [Poly], [Doctor], [DateOfBirth], [CardPrintDate], [TmtDate], [TatDate], [ParticipantStatus], [ServiceType], [ServiceParticipant], [CurrentAge], [AgeAtTimeOfService], [DinSos], [PronalisPBR], [NoSKTM], [InsuranceNo], [InsuranceName], [ProviderName], [CreatedBy], [CreatedDate], [UpdatedBy], [UpdatedDate]) VALUES (1008, 82, 17, N'20022004100', 1, NULL, NULL, NULL, NULL, NULL, NULL, NULL, NULL, NULL, NULL, NULL, NULL, NULL, NULL, NULL, NULL, NULL, NULL, NULL, NULL, NULL, NULL, NULL, NULL, NULL, NULL, NULL, NULL, NULL, N'Argi P', CAST(N'2024-02-20T15:47:01.4478588' AS DateTime2), NULL, NULL)
INSERT [dbo].[InsurancePolicies] ([Id], [UserId], [InsuranceId], [PolicyNumber], [Active], [Prolanis], [ParticipantName], [NoCard], [NoId], [Sex], [Class], [MedicalRecordNo], [ServicePPKName], [ServicePPKCode], [PhoneNumber], [NursingClass], [Diagnosa], [Poly], [Doctor], [DateOfBirth], [CardPrintDate], [TmtDate], [TatDate], [ParticipantStatus], [ServiceType], [ServiceParticipant], [CurrentAge], [AgeAtTimeOfService], [DinSos], [PronalisPBR], [NoSKTM], [InsuranceNo], [InsuranceName], [ProviderName], [CreatedBy], [CreatedDate], [UpdatedBy], [UpdatedDate]) VALUES (1009, 83, 13, N'7777777', 1, NULL, NULL, NULL, NULL, NULL, NULL, NULL, NULL, NULL, NULL, NULL, NULL, NULL, NULL, NULL, NULL, NULL, NULL, NULL, NULL, NULL, NULL, NULL, NULL, NULL, NULL, NULL, NULL, NULL, N'Argi P', CAST(N'2024-02-20T17:29:31.3119543' AS DateTime2), NULL, NULL)
INSERT [dbo].[InsurancePolicies] ([Id], [UserId], [InsuranceId], [PolicyNumber], [Active], [Prolanis], [ParticipantName], [NoCard], [NoId], [Sex], [Class], [MedicalRecordNo], [ServicePPKName], [ServicePPKCode], [PhoneNumber], [NursingClass], [Diagnosa], [Poly], [Doctor], [DateOfBirth], [CardPrintDate], [TmtDate], [TatDate], [ParticipantStatus], [ServiceType], [ServiceParticipant], [CurrentAge], [AgeAtTimeOfService], [DinSos], [PronalisPBR], [NoSKTM], [InsuranceNo], [InsuranceName], [ProviderName], [CreatedBy], [CreatedDate], [UpdatedBy], [UpdatedDate]) VALUES (1010, 83, 17, N'8888888', 1, NULL, NULL, NULL, NULL, NULL, NULL, NULL, NULL, NULL, NULL, NULL, NULL, NULL, NULL, NULL, NULL, NULL, NULL, NULL, NULL, NULL, NULL, NULL, NULL, NULL, NULL, NULL, NULL, NULL, N'Argi P', CAST(N'2024-02-20T17:29:41.4481343' AS DateTime2), NULL, NULL)
SET IDENTITY_INSERT [dbo].[InsurancePolicies] OFF
GO
SET IDENTITY_INSERT [dbo].[Insurances] ON 

INSERT [dbo].[Insurances] ([Id], [Name], [Code], [Type], [IsBPJS], [AdminFee], [Presentase], [AdminFeeMax], [CreatedBy], [CreatedDate], [UpdatedBy], [UpdatedDate]) VALUES (11, N'AIA', N'', N'', 0, NULL, NULL, NULL, NULL, CAST(N'2024-01-26T06:41:43.4851670' AS DateTime2), NULL, NULL)
INSERT [dbo].[Insurances] ([Id], [Name], [Code], [Type], [IsBPJS], [AdminFee], [Presentase], [AdminFeeMax], [CreatedBy], [CreatedDate], [UpdatedBy], [UpdatedDate]) VALUES (13, N'Admedika', N'', N'', 0, NULL, NULL, NULL, NULL, CAST(N'2024-01-26T06:41:52.1710070' AS DateTime2), NULL, NULL)
INSERT [dbo].[Insurances] ([Id], [Name], [Code], [Type], [IsBPJS], [AdminFee], [Presentase], [AdminFeeMax], [CreatedBy], [CreatedDate], [UpdatedBy], [UpdatedDate]) VALUES (17, N'BPJS Kesehatan', N'', N'', 1, NULL, NULL, NULL, NULL, CAST(N'2024-01-26T06:42:03.2179300' AS DateTime2), NULL, NULL)
SET IDENTITY_INSERT [dbo].[Insurances] OFF
GO
SET IDENTITY_INSERT [dbo].[JobPositions] ON 

INSERT [dbo].[JobPositions] ([Id], [DepartmentId], [Name], [CreatedBy], [CreatedDate], [UpdatedBy], [UpdatedDate]) VALUES (5, 4, N'Perawat', NULL, CAST(N'2024-01-25T07:31:13.3544896' AS DateTime2), NULL, NULL)
INSERT [dbo].[JobPositions] ([Id], [DepartmentId], [Name], [CreatedBy], [CreatedDate], [UpdatedBy], [UpdatedDate]) VALUES (7, 5, N'Perawat IGD', NULL, CAST(N'2024-01-30T09:05:50.7136349' AS DateTime2), NULL, NULL)
SET IDENTITY_INSERT [dbo].[JobPositions] OFF
GO
SET IDENTITY_INSERT [dbo].[KioskConfigs] ON 

INSERT [dbo].[KioskConfigs] ([Id], [Name], [ServiceIds], [CreatedBy], [CreatedDate], [UpdatedBy], [UpdatedDate]) VALUES (3, N'Kiosk Clinic', N'[9]', N'Argi P', CAST(N'2024-02-20T13:59:35.5620338' AS DateTime2), N'Argi P', CAST(N'2024-02-20T14:15:25.9882839' AS DateTime2))
SET IDENTITY_INSERT [dbo].[KioskConfigs] OFF
GO
SET IDENTITY_INSERT [dbo].[Locations] ON 

INSERT [dbo].[Locations] ([Id], [Name], [Type], [CreatedBy], [CreatedDate], [UpdatedBy], [UpdatedDate]) VALUES (1, N'Medical Warehouse', N'Internal Location', NULL, CAST(N'2024-01-29T07:29:15.8441284' AS DateTime2), NULL, NULL)
INSERT [dbo].[Locations] ([Id], [Name], [Type], [CreatedBy], [CreatedDate], [UpdatedBy], [UpdatedDate]) VALUES (2, N'General Warehouse', N'Internal Location', NULL, CAST(N'2024-01-29T07:29:08.5689053' AS DateTime2), NULL, NULL)
INSERT [dbo].[Locations] ([Id], [Name], [Type], [CreatedBy], [CreatedDate], [UpdatedBy], [UpdatedDate]) VALUES (4, N'General Clinic', N'Internal Location', NULL, CAST(N'2024-01-29T07:29:29.6507358' AS DateTime2), NULL, NULL)
INSERT [dbo].[Locations] ([Id], [Name], [Type], [CreatedBy], [CreatedDate], [UpdatedBy], [UpdatedDate]) VALUES (5, N'MCU Clinic', N'Internal Location', NULL, CAST(N'2024-01-29T07:29:22.8854023' AS DateTime2), NULL, NULL)
INSERT [dbo].[Locations] ([Id], [Name], [Type], [CreatedBy], [CreatedDate], [UpdatedBy], [UpdatedDate]) VALUES (10, N'Pharmacy', N'Internal Location', NULL, CAST(N'2024-01-29T07:48:02.7779605' AS DateTime2), NULL, NULL)
SET IDENTITY_INSERT [dbo].[Locations] OFF
GO
SET IDENTITY_INSERT [dbo].[Menus] ON 

INSERT [dbo].[Menus] ([Id], [Name], [Icon], [ParentMenu], [Sequence], [Html], [Url], [CreatedBy], [CreatedDate], [UpdatedBy], [UpdatedDate]) VALUES (1, N'Configuration', N'<i class="fa-solid fa-gear nav-icon"></i>', NULL, 7, NULL, NULL, NULL, NULL, NULL, NULL)
INSERT [dbo].[Menus] ([Id], [Name], [Icon], [ParentMenu], [Sequence], [Html], [Url], [CreatedBy], [CreatedDate], [UpdatedBy], [UpdatedDate]) VALUES (2, N'User', N'<i class="far fa-solid fa-user"></i>', N'Configuration', 1, NULL, N'config/user', NULL, CAST(N'2024-01-24T02:24:59.5090381' AS DateTime2), NULL, NULL)
INSERT [dbo].[Menus] ([Id], [Name], [Icon], [ParentMenu], [Sequence], [Html], [Url], [CreatedBy], [CreatedDate], [UpdatedBy], [UpdatedDate]) VALUES (3, N'Group', N'<i class="far fa-solid fa-users"></i>', N'Configuration', 2, NULL, N'config/group', NULL, CAST(N'2024-01-24T02:24:38.7660439' AS DateTime2), NULL, NULL)
INSERT [dbo].[Menus] ([Id], [Name], [Icon], [ParentMenu], [Sequence], [Html], [Url], [CreatedBy], [CreatedDate], [UpdatedBy], [UpdatedDate]) VALUES (4, N'Menu', N'<i class="fa-solid fa-bars"></i>', N'Configuration', 4, N'<li class="nav-item">', N'config/menu', NULL, CAST(N'2024-01-24T02:24:41.6071169' AS DateTime2), NULL, NULL)
INSERT [dbo].[Menus] ([Id], [Name], [Icon], [ParentMenu], [Sequence], [Html], [Url], [CreatedBy], [CreatedDate], [UpdatedBy], [UpdatedDate]) VALUES (5, N'Email Setting', N'<i class="fa-solid fa-envelope"></i>', N'Configuration', 4, NULL, N'config/email-setting', NULL, CAST(N'2024-01-30T03:22:03.9060248' AS DateTime2), NULL, NULL)
INSERT [dbo].[Menus] ([Id], [Name], [Icon], [ParentMenu], [Sequence], [Html], [Url], [CreatedBy], [CreatedDate], [UpdatedBy], [UpdatedDate]) VALUES (6, N'Email Template', N'<i class="fa-regular fa-envelope"></i>', N'Configuration', 5, NULL, N'config/email-template', NULL, CAST(N'2024-01-24T02:24:36.0636577' AS DateTime2), NULL, NULL)
INSERT [dbo].[Menus] ([Id], [Name], [Icon], [ParentMenu], [Sequence], [Html], [Url], [CreatedBy], [CreatedDate], [UpdatedBy], [UpdatedDate]) VALUES (7, N'Company', N'<i class="fa-solid fa-building"></i>', N'Configuration', 6, NULL, N'config/companies', NULL, CAST(N'2024-01-24T02:24:23.0546426' AS DateTime2), NULL, NULL)
INSERT [dbo].[Menus] ([Id], [Name], [Icon], [ParentMenu], [Sequence], [Html], [Url], [CreatedBy], [CreatedDate], [UpdatedBy], [UpdatedDate]) VALUES (8, N'Country', N'<i class="fa-solid fa-earth-americas"></i>', N'Configuration', 7, NULL, N'config/country', NULL, CAST(N'2024-01-24T02:24:27.6593541' AS DateTime2), NULL, NULL)
INSERT [dbo].[Menus] ([Id], [Name], [Icon], [ParentMenu], [Sequence], [Html], [Url], [CreatedBy], [CreatedDate], [UpdatedBy], [UpdatedDate]) VALUES (9, N'Province', N'<i class="fa-solid fa-city"></i>', N'Configuration', 8, N'<li class="nav-item">', N'config/province', NULL, CAST(N'2024-01-24T02:24:49.2879576' AS DateTime2), NULL, NULL)
INSERT [dbo].[Menus] ([Id], [Name], [Icon], [ParentMenu], [Sequence], [Html], [Url], [CreatedBy], [CreatedDate], [UpdatedBy], [UpdatedDate]) VALUES (10, N'City', N'<i class="fa-solid fa-city"></i>', N'Configuration', 9, N'<li class="nav-item">', N'config/city', NULL, CAST(N'2024-01-24T02:24:15.1160427' AS DateTime2), NULL, NULL)
INSERT [dbo].[Menus] ([Id], [Name], [Icon], [ParentMenu], [Sequence], [Html], [Url], [CreatedBy], [CreatedDate], [UpdatedBy], [UpdatedDate]) VALUES (11, N'District', N'<i class="fa-solid fa-city"></i>', N'Configuration', 10, N'<li class="nav-item">', N'config/district', NULL, CAST(N'2024-01-24T02:24:30.4999620' AS DateTime2), NULL, NULL)
INSERT [dbo].[Menus] ([Id], [Name], [Icon], [ParentMenu], [Sequence], [Html], [Url], [CreatedBy], [CreatedDate], [UpdatedBy], [UpdatedDate]) VALUES (12, N'Sub-District', N'<i class="fa-solid fa-city"></i>', N'Configuration', 11, N'<li class="nav-item">', N'config/village', NULL, CAST(N'2024-01-24T02:24:56.5840183' AS DateTime2), NULL, NULL)
INSERT [dbo].[Menus] ([Id], [Name], [Icon], [ParentMenu], [Sequence], [Html], [Url], [CreatedBy], [CreatedDate], [UpdatedBy], [UpdatedDate]) VALUES (13, N'Religion', N'<i class="fa-solid fa-hands-praying"></i>', N'Configuration', 12, N'<li class="nav-item">', N'config/religion', NULL, CAST(N'2024-01-24T02:24:51.7029724' AS DateTime2), NULL, NULL)
INSERT [dbo].[Menus] ([Id], [Name], [Icon], [ParentMenu], [Sequence], [Html], [Url], [CreatedBy], [CreatedDate], [UpdatedBy], [UpdatedDate]) VALUES (14, N'Occupational', N'<i class="fa-solid fa-user-doctor"></i>', N'Configuration', 13, N'<li class="nav-item">', N'config/occupational', NULL, CAST(N'2024-01-24T02:24:44.2854431' AS DateTime2), NULL, NULL)
INSERT [dbo].[Menus] ([Id], [Name], [Icon], [ParentMenu], [Sequence], [Html], [Url], [CreatedBy], [CreatedDate], [UpdatedBy], [UpdatedDate]) VALUES (15, N'Transaction', N'<i class="fa-solid fa-money-check nav-icon"></i>', NULL, 1, N'<NavLink href="" class="nav-link" Match="NavLinkMatch.Prefix">', NULL, NULL, NULL, NULL, NULL)
INSERT [dbo].[Menus] ([Id], [Name], [Icon], [ParentMenu], [Sequence], [Html], [Url], [CreatedBy], [CreatedDate], [UpdatedBy], [UpdatedDate]) VALUES (16, N'General Consultation Service', NULL, N'Transaction', 1, N'<li class="nav-item">', N'transaction/general-consultan-service', NULL, NULL, N'Argi Purwanto', CAST(N'2024-02-05T17:33:53.4210056' AS DateTime2))
INSERT [dbo].[Menus] ([Id], [Name], [Icon], [ParentMenu], [Sequence], [Html], [Url], [CreatedBy], [CreatedDate], [UpdatedBy], [UpdatedDate]) VALUES (17, N'Accident Management', NULL, N'Transaction', 2, N'<li class="nav-item">', NULL, NULL, NULL, NULL, NULL)
INSERT [dbo].[Menus] ([Id], [Name], [Icon], [ParentMenu], [Sequence], [Html], [Url], [CreatedBy], [CreatedDate], [UpdatedBy], [UpdatedDate]) VALUES (18, N'Telemedicine', NULL, N'Transaction', 3, N'<li class="nav-item">', NULL, NULL, NULL, NULL, NULL)
INSERT [dbo].[Menus] ([Id], [Name], [Icon], [ParentMenu], [Sequence], [Html], [Url], [CreatedBy], [CreatedDate], [UpdatedBy], [UpdatedDate]) VALUES (19, N'Medical Check Up & Certificate Management', NULL, N'Transaction', 4, N'<li class="nav-item">', NULL, NULL, NULL, NULL, NULL)
INSERT [dbo].[Menus] ([Id], [Name], [Icon], [ParentMenu], [Sequence], [Html], [Url], [CreatedBy], [CreatedDate], [UpdatedBy], [UpdatedDate]) VALUES (20, N'Education & Awareness Program', NULL, N'Transaction', 5, N'<li class="nav-item">', NULL, NULL, NULL, NULL, NULL)
INSERT [dbo].[Menus] ([Id], [Name], [Icon], [ParentMenu], [Sequence], [Html], [Url], [CreatedBy], [CreatedDate], [UpdatedBy], [UpdatedDate]) VALUES (21, N'Maternity Check Up', NULL, N'Transaction', 6, N'<li class="nav-item">', NULL, NULL, NULL, NULL, NULL)
INSERT [dbo].[Menus] ([Id], [Name], [Icon], [ParentMenu], [Sequence], [Html], [Url], [CreatedBy], [CreatedDate], [UpdatedBy], [UpdatedDate]) VALUES (22, N'Immunization & Vaccination Program', NULL, N'Transaction', 7, N'<li class="nav-item">', NULL, NULL, NULL, NULL, NULL)
INSERT [dbo].[Menus] ([Id], [Name], [Icon], [ParentMenu], [Sequence], [Html], [Url], [CreatedBy], [CreatedDate], [UpdatedBy], [UpdatedDate]) VALUES (23, N'Cronic Diseases Management', NULL, N'Transaction', 9, N'<li class="nav-item">', NULL, NULL, NULL, NULL, NULL)
INSERT [dbo].[Menus] ([Id], [Name], [Icon], [ParentMenu], [Sequence], [Html], [Url], [CreatedBy], [CreatedDate], [UpdatedBy], [UpdatedDate]) VALUES (24, N'Wellness Management', NULL, N'Transaction', 9, N'<li class="nav-item">', NULL, NULL, NULL, NULL, NULL)
INSERT [dbo].[Menus] ([Id], [Name], [Icon], [ParentMenu], [Sequence], [Html], [Url], [CreatedBy], [CreatedDate], [UpdatedBy], [UpdatedDate]) VALUES (26, N'Queue Counter', NULL, N'Queue', 2, N'<li class="nav-item">', N'queue/queue-counter', NULL, NULL, N'Argi P', CAST(N'2024-02-16T14:51:25.9207652' AS DateTime2))
INSERT [dbo].[Menus] ([Id], [Name], [Icon], [ParentMenu], [Sequence], [Html], [Url], [CreatedBy], [CreatedDate], [UpdatedBy], [UpdatedDate]) VALUES (27, N'Queue Display', NULL, N'Queue', 3, N'<li class="nav-item">', N'queue/queue-display', NULL, NULL, N'Argi P', CAST(N'2024-02-16T14:52:13.9867606' AS DateTime2))
INSERT [dbo].[Menus] ([Id], [Name], [Icon], [ParentMenu], [Sequence], [Html], [Url], [CreatedBy], [CreatedDate], [UpdatedBy], [UpdatedDate]) VALUES (28, N'Reporting & Analytic', NULL, N'Transaction', 13, N'<li class="nav-item">', NULL, NULL, CAST(N'2024-01-29T09:10:55.1275517' AS DateTime2), NULL, NULL)
INSERT [dbo].[Menus] ([Id], [Name], [Icon], [ParentMenu], [Sequence], [Html], [Url], [CreatedBy], [CreatedDate], [UpdatedBy], [UpdatedDate]) VALUES (29, N'Patient', N'<i class="fa-solid fa-hospital-user nav-icon"></i>', NULL, 2, N'<NavLink href="" class="nav-link" Match="NavLinkMatch.Prefix">', NULL, NULL, NULL, NULL, NULL)
INSERT [dbo].[Menus] ([Id], [Name], [Icon], [ParentMenu], [Sequence], [Html], [Url], [CreatedBy], [CreatedDate], [UpdatedBy], [UpdatedDate]) VALUES (30, N'Patient Data', NULL, N'Patient', 1, N'<li class="nav-item">', N'patient/patients', NULL, CAST(N'2024-01-24T07:05:24.7905418' AS DateTime2), N'Argi Purwanto', CAST(N'2024-02-07T13:14:17.7434116' AS DateTime2))
INSERT [dbo].[Menus] ([Id], [Name], [Icon], [ParentMenu], [Sequence], [Html], [Url], [CreatedBy], [CreatedDate], [UpdatedBy], [UpdatedDate]) VALUES (31, N'Family Relation', NULL, N'Patient', 2, N'<li class="nav-item">', N'patient/family-relation', NULL, CAST(N'2024-01-29T08:18:07.9479786' AS DateTime2), NULL, NULL)
INSERT [dbo].[Menus] ([Id], [Name], [Icon], [ParentMenu], [Sequence], [Html], [Url], [CreatedBy], [CreatedDate], [UpdatedBy], [UpdatedDate]) VALUES (32, N'Pharmacy', N'<i class="fa-solid fa-prescription-bottle-medical nav-icon"></i>', NULL, 3, N'<NavLink href="" class="nav-link" Match="NavLinkMatch.Prefix">', NULL, NULL, NULL, NULL, NULL)
INSERT [dbo].[Menus] ([Id], [Name], [Icon], [ParentMenu], [Sequence], [Html], [Url], [CreatedBy], [CreatedDate], [UpdatedBy], [UpdatedDate]) VALUES (34, N'Prescription', NULL, N'Pharmacy', 1, N'<li class="nav-item">', NULL, NULL, NULL, NULL, NULL)
INSERT [dbo].[Menus] ([Id], [Name], [Icon], [ParentMenu], [Sequence], [Html], [Url], [CreatedBy], [CreatedDate], [UpdatedBy], [UpdatedDate]) VALUES (35, N'Prescription Template', NULL, N'Pharmacy', 2, N'<li class="nav-item">', NULL, NULL, NULL, NULL, NULL)
INSERT [dbo].[Menus] ([Id], [Name], [Icon], [ParentMenu], [Sequence], [Html], [Url], [CreatedBy], [CreatedDate], [UpdatedBy], [UpdatedDate]) VALUES (36, N'Signa', NULL, N'Pharmacy', 3, N'<li class="nav-item">', NULL, NULL, NULL, NULL, NULL)
INSERT [dbo].[Menus] ([Id], [Name], [Icon], [ParentMenu], [Sequence], [Html], [Url], [CreatedBy], [CreatedDate], [UpdatedBy], [UpdatedDate]) VALUES (37, N'Instructions', NULL, N'Pharmacy', 4, N'<li class="nav-item">', NULL, NULL, NULL, NULL, NULL)
INSERT [dbo].[Menus] ([Id], [Name], [Icon], [ParentMenu], [Sequence], [Html], [Url], [CreatedBy], [CreatedDate], [UpdatedBy], [UpdatedDate]) VALUES (38, N'Active Component', NULL, N'Pharmacy', 5, N'<li class="nav-item">', NULL, NULL, NULL, NULL, NULL)
INSERT [dbo].[Menus] ([Id], [Name], [Icon], [ParentMenu], [Sequence], [Html], [Url], [CreatedBy], [CreatedDate], [UpdatedBy], [UpdatedDate]) VALUES (39, N'Reporting Pharmacy', NULL, N'Pharmacy', 6, N'<li class="nav-item">
                        <NavLink href="Reporting" class="nav-link">
                            <i class="far fa-circle nav-icon"></i>
                            <p>Reporting</p>
                        </NavLink>
                    </li>', N'Reporting Pharmacy', NULL, NULL, NULL, NULL)
INSERT [dbo].[Menus] ([Id], [Name], [Icon], [ParentMenu], [Sequence], [Html], [Url], [CreatedBy], [CreatedDate], [UpdatedBy], [UpdatedDate]) VALUES (40, N'Inventory', N'<i class="fa-solid fa-box nav-icon"></i>', NULL, 4, N'<NavLink href="" class="nav-link" Match="NavLinkMatch.Prefix">', NULL, NULL, NULL, NULL, NULL)
INSERT [dbo].[Menus] ([Id], [Name], [Icon], [ParentMenu], [Sequence], [Html], [Url], [CreatedBy], [CreatedDate], [UpdatedBy], [UpdatedDate]) VALUES (41, N'Product', NULL, N'Inventory', 1, N'<li class="nav-item">', NULL, NULL, NULL, NULL, NULL)
INSERT [dbo].[Menus] ([Id], [Name], [Icon], [ParentMenu], [Sequence], [Html], [Url], [CreatedBy], [CreatedDate], [UpdatedBy], [UpdatedDate]) VALUES (42, N'Product Category', NULL, N'Inventory', 2, N'<li class="nav-item">', NULL, NULL, NULL, NULL, NULL)
INSERT [dbo].[Menus] ([Id], [Name], [Icon], [ParentMenu], [Sequence], [Html], [Url], [CreatedBy], [CreatedDate], [UpdatedBy], [UpdatedDate]) VALUES (43, N'Batch & Expired', NULL, N'Inventory', 3, N'<li class="nav-item">', NULL, NULL, NULL, NULL, NULL)
INSERT [dbo].[Menus] ([Id], [Name], [Icon], [ParentMenu], [Sequence], [Html], [Url], [CreatedBy], [CreatedDate], [UpdatedBy], [UpdatedDate]) VALUES (44, N'Buffer Stock', NULL, N'Inventory', 4, N'<li class="nav-item">', NULL, NULL, NULL, NULL, NULL)
INSERT [dbo].[Menus] ([Id], [Name], [Icon], [ParentMenu], [Sequence], [Html], [Url], [CreatedBy], [CreatedDate], [UpdatedBy], [UpdatedDate]) VALUES (45, N'Equipment & Consumable Management', NULL, N'Inventory', 5, N'<li class="nav-item">', NULL, NULL, NULL, NULL, NULL)
INSERT [dbo].[Menus] ([Id], [Name], [Icon], [ParentMenu], [Sequence], [Html], [Url], [CreatedBy], [CreatedDate], [UpdatedBy], [UpdatedDate]) VALUES (46, N'Receiving Transaction', NULL, N'Inventory', 6, N'<li class="nav-item">', NULL, NULL, NULL, NULL, NULL)
INSERT [dbo].[Menus] ([Id], [Name], [Icon], [ParentMenu], [Sequence], [Html], [Url], [CreatedBy], [CreatedDate], [UpdatedBy], [UpdatedDate]) VALUES (47, N'Inventory Adjusment', NULL, N'Inventory', 7, N'<li class="nav-item">', NULL, NULL, NULL, NULL, NULL)
INSERT [dbo].[Menus] ([Id], [Name], [Icon], [ParentMenu], [Sequence], [Html], [Url], [CreatedBy], [CreatedDate], [UpdatedBy], [UpdatedDate]) VALUES (48, N'Stock Move', NULL, N'Inventory', 8, N'<li class="nav-item">', NULL, NULL, NULL, NULL, NULL)
INSERT [dbo].[Menus] ([Id], [Name], [Icon], [ParentMenu], [Sequence], [Html], [Url], [CreatedBy], [CreatedDate], [UpdatedBy], [UpdatedDate]) VALUES (49, N'UoM', NULL, N'Inventory', 9, N'<li class="nav-item">', NULL, NULL, NULL, NULL, NULL)
INSERT [dbo].[Menus] ([Id], [Name], [Icon], [ParentMenu], [Sequence], [Html], [Url], [CreatedBy], [CreatedDate], [UpdatedBy], [UpdatedDate]) VALUES (50, N'Uom Convertion', NULL, N'Inventory', 10, N'<li class="nav-item">', NULL, NULL, NULL, NULL, NULL)
INSERT [dbo].[Menus] ([Id], [Name], [Icon], [ParentMenu], [Sequence], [Html], [Url], [CreatedBy], [CreatedDate], [UpdatedBy], [UpdatedDate]) VALUES (51, N'Reporting Inventory', NULL, N'Inventory', NULL, NULL, N'Reporting Inventory', NULL, NULL, NULL, NULL)
INSERT [dbo].[Menus] ([Id], [Name], [Icon], [ParentMenu], [Sequence], [Html], [Url], [CreatedBy], [CreatedDate], [UpdatedBy], [UpdatedDate]) VALUES (52, N'Employee', N'<i class="fa-solid fa-user nav-icon"></i>', NULL, 5, N'<NavLink href="" class="nav-link" Match="NavLinkMatch.Prefix">', NULL, NULL, NULL, NULL, NULL)
INSERT [dbo].[Menus] ([Id], [Name], [Icon], [ParentMenu], [Sequence], [Html], [Url], [CreatedBy], [CreatedDate], [UpdatedBy], [UpdatedDate]) VALUES (53, N'Employee Data', N'<i class="fa-solid fa-users"></i>', N'Employee', 1, N'<li class="nav-item">', N'employee/employees', NULL, NULL, N'Argi Purwanto', CAST(N'2024-02-07T10:34:12.9824357' AS DateTime2))
INSERT [dbo].[Menus] ([Id], [Name], [Icon], [ParentMenu], [Sequence], [Html], [Url], [CreatedBy], [CreatedDate], [UpdatedBy], [UpdatedDate]) VALUES (54, N'Sick Leave Management', N'<i class="fa-solid fa-viruses"></i>', N'Employee', 2, N'<li class="nav-item">', NULL, NULL, NULL, NULL, NULL)
INSERT [dbo].[Menus] ([Id], [Name], [Icon], [ParentMenu], [Sequence], [Html], [Url], [CreatedBy], [CreatedDate], [UpdatedBy], [UpdatedDate]) VALUES (55, N'Claim Management', N'<i class="fa-solid fa-heart-circle-exclamation"></i>', N'Employee', 3, N'<li class="nav-item">', NULL, NULL, NULL, NULL, NULL)
INSERT [dbo].[Menus] ([Id], [Name], [Icon], [ParentMenu], [Sequence], [Html], [Url], [CreatedBy], [CreatedDate], [UpdatedBy], [UpdatedDate]) VALUES (56, N'Department', N'<i class="fa-solid fa-building-user"></i>', N'Employee', 4, N'<li class="nav-item">', N'employee/department', NULL, CAST(N'2024-01-25T06:40:07.3777916' AS DateTime2), NULL, NULL)
INSERT [dbo].[Menus] ([Id], [Name], [Icon], [ParentMenu], [Sequence], [Html], [Url], [CreatedBy], [CreatedDate], [UpdatedBy], [UpdatedDate]) VALUES (57, N'Job Potition', N'<i class="fa-regular fa-id-card"></i>', N'Employee', 5, N'<li class="nav-item">', N'employee/job-position', NULL, CAST(N'2024-01-25T06:38:55.3929407' AS DateTime2), NULL, NULL)
INSERT [dbo].[Menus] ([Id], [Name], [Icon], [ParentMenu], [Sequence], [Html], [Url], [CreatedBy], [CreatedDate], [UpdatedBy], [UpdatedDate]) VALUES (58, N'Medical', N'<i class="fa-solid fa-notes-medical nav-icon"></i>', NULL, 6, N'<NavLink href="" class="nav-link" Match="NavLinkMatch.Prefix">', NULL, NULL, NULL, N'Argi P', CAST(N'2024-02-16T09:56:37.4368231' AS DateTime2))
INSERT [dbo].[Menus] ([Id], [Name], [Icon], [ParentMenu], [Sequence], [Html], [Url], [CreatedBy], [CreatedDate], [UpdatedBy], [UpdatedDate]) VALUES (59, N'Practitioner', N'<i class="fa-solid fa-user-nurse"></i>', N'Medical', 1, N'<li class="nav-item">', N'medical/practitioner', NULL, NULL, N'Argi P', CAST(N'2024-02-07T13:32:08.0604775' AS DateTime2))
INSERT [dbo].[Menus] ([Id], [Name], [Icon], [ParentMenu], [Sequence], [Html], [Url], [CreatedBy], [CreatedDate], [UpdatedBy], [UpdatedDate]) VALUES (60, N'Doctor Scheduled', NULL, N'Medical', 2, N'<li class="nav-item">', N'medical/doctor-scheduled', NULL, NULL, N'Argi Purwanto', CAST(N'2024-02-02T13:42:52.1299321' AS DateTime2))
INSERT [dbo].[Menus] ([Id], [Name], [Icon], [ParentMenu], [Sequence], [Html], [Url], [CreatedBy], [CreatedDate], [UpdatedBy], [UpdatedDate]) VALUES (61, N'Practitioner License Number & Expired', NULL, N'Medical', 3, N'<li class="nav-item">', NULL, NULL, CAST(N'2024-01-23T03:49:55.1872683' AS DateTime2), NULL, NULL)
INSERT [dbo].[Menus] ([Id], [Name], [Icon], [ParentMenu], [Sequence], [Html], [Url], [CreatedBy], [CreatedDate], [UpdatedBy], [UpdatedDate]) VALUES (62, N'Insurance', NULL, N'Medical', 4, N'<li class="nav-item">', N'medical/insurance', NULL, CAST(N'2024-01-26T03:52:57.7403764' AS DateTime2), NULL, NULL)
INSERT [dbo].[Menus] ([Id], [Name], [Icon], [ParentMenu], [Sequence], [Html], [Url], [CreatedBy], [CreatedDate], [UpdatedBy], [UpdatedDate]) VALUES (63, N'Speciality', NULL, N'Medical', 5, N'<li class="nav-item">', N'medical/speciality', NULL, CAST(N'2024-01-30T03:23:37.1435744' AS DateTime2), NULL, NULL)
INSERT [dbo].[Menus] ([Id], [Name], [Icon], [ParentMenu], [Sequence], [Html], [Url], [CreatedBy], [CreatedDate], [UpdatedBy], [UpdatedDate]) VALUES (64, N'Diagnosis', NULL, N'Medical', 6, N'<li class="nav-item">', N'medical/diagnosis', NULL, CAST(N'2024-01-26T09:49:39.2649833' AS DateTime2), NULL, NULL)
INSERT [dbo].[Menus] ([Id], [Name], [Icon], [ParentMenu], [Sequence], [Html], [Url], [CreatedBy], [CreatedDate], [UpdatedBy], [UpdatedDate]) VALUES (65, N'Procedure', NULL, N'Medical', 7, N'<li class="nav-item">', N'medical/procedure', NULL, CAST(N'2024-01-29T07:35:30.0861530' AS DateTime2), NULL, NULL)
INSERT [dbo].[Menus] ([Id], [Name], [Icon], [ParentMenu], [Sequence], [Html], [Url], [CreatedBy], [CreatedDate], [UpdatedBy], [UpdatedDate]) VALUES (66, N'Chronic Diagnosis', NULL, N'Medical', 9, N'<li class="nav-item">', N'medical/cronis-category', NULL, CAST(N'2024-01-26T08:47:44.6396330' AS DateTime2), NULL, NULL)
INSERT [dbo].[Menus] ([Id], [Name], [Icon], [ParentMenu], [Sequence], [Html], [Url], [CreatedBy], [CreatedDate], [UpdatedBy], [UpdatedDate]) VALUES (67, N'Health Center', NULL, N'Medical', 10, N'<li class="nav-item">', N'medical/health-center', NULL, CAST(N'2024-01-24T10:58:30.6638804' AS DateTime2), NULL, NULL)
INSERT [dbo].[Menus] ([Id], [Name], [Icon], [ParentMenu], [Sequence], [Html], [Url], [CreatedBy], [CreatedDate], [UpdatedBy], [UpdatedDate]) VALUES (68, N'Building & Location', NULL, N'Medical', 11, N'<li class="nav-item">', N'medical/building', NULL, CAST(N'2024-01-25T03:20:15.8164850' AS DateTime2), NULL, NULL)
INSERT [dbo].[Menus] ([Id], [Name], [Icon], [ParentMenu], [Sequence], [Html], [Url], [CreatedBy], [CreatedDate], [UpdatedBy], [UpdatedDate]) VALUES (69, N'Disease category', NULL, N'Medical', 8, N'<li class="nav-item">', N'medical/disease-category', NULL, CAST(N'2024-01-26T08:46:16.7014936' AS DateTime2), NULL, NULL)
INSERT [dbo].[Menus] ([Id], [Name], [Icon], [ParentMenu], [Sequence], [Html], [Url], [CreatedBy], [CreatedDate], [UpdatedBy], [UpdatedDate]) VALUES (71, N'Service', NULL, N'Medical', 13, NULL, N'medical/service', NULL, CAST(N'2024-01-25T07:54:55.8281004' AS DateTime2), NULL, NULL)
INSERT [dbo].[Menus] ([Id], [Name], [Icon], [ParentMenu], [Sequence], [Html], [Url], [CreatedBy], [CreatedDate], [UpdatedBy], [UpdatedDate]) VALUES (72, N'Location', N'<i class="fa-solid fa-location-dot"></i>', N'Medical', 12, NULL, N'medical/location', NULL, CAST(N'2024-01-29T04:47:45.7620716' AS DateTime2), NULL, NULL)
INSERT [dbo].[Menus] ([Id], [Name], [Icon], [ParentMenu], [Sequence], [Html], [Url], [CreatedBy], [CreatedDate], [UpdatedBy], [UpdatedDate]) VALUES (73, N'Doctor Schedule Slot', NULL, N'Medical', 2, NULL, N'medical/doctor-schedule-slot', N'Argi Purwanto', CAST(N'2024-02-02T17:02:49.7902515' AS DateTime2), N'Argi Purwanto', CAST(N'2024-02-05T16:09:08.0266483' AS DateTime2))
INSERT [dbo].[Menus] ([Id], [Name], [Icon], [ParentMenu], [Sequence], [Html], [Url], [CreatedBy], [CreatedDate], [UpdatedBy], [UpdatedDate]) VALUES (74, N'Insurance Police', NULL, N'Patient', 3, NULL, N'patient/insurance-policy', N'Administrator', CAST(N'2024-02-13T09:57:02.0760875' AS DateTime2), N'Administrator', CAST(N'2024-02-15T17:59:18.3753545' AS DateTime2))
INSERT [dbo].[Menus] ([Id], [Name], [Icon], [ParentMenu], [Sequence], [Html], [Url], [CreatedBy], [CreatedDate], [UpdatedBy], [UpdatedDate]) VALUES (76, N'Queue', NULL, NULL, 1, NULL, NULL, N'Argi P', CAST(N'2024-02-16T14:47:04.8991689' AS DateTime2), N'Argi P', CAST(N'2024-02-16T14:47:18.2368276' AS DateTime2))
INSERT [dbo].[Menus] ([Id], [Name], [Icon], [ParentMenu], [Sequence], [Html], [Url], [CreatedBy], [CreatedDate], [UpdatedBy], [UpdatedDate]) VALUES (77, N'Kiosk Departement', NULL, N'Queue', 4, NULL, N'queue/kiosk-departement', N'Argi P', CAST(N'2024-02-16T15:02:37.7604096' AS DateTime2), N'Argi P', CAST(N'2024-02-20T11:35:14.7783636' AS DateTime2))
INSERT [dbo].[Menus] ([Id], [Name], [Icon], [ParentMenu], [Sequence], [Html], [Url], [CreatedBy], [CreatedDate], [UpdatedBy], [UpdatedDate]) VALUES (78, N'Kiosk Config', NULL, N'Queue', 5, NULL, N'queue/kiosk-config', N'Argi P', CAST(N'2024-02-16T15:08:51.2828635' AS DateTime2), N'Administrator', CAST(N'2024-02-20T09:28:54.5350424' AS DateTime2))
INSERT [dbo].[Menus] ([Id], [Name], [Icon], [ParentMenu], [Sequence], [Html], [Url], [CreatedBy], [CreatedDate], [UpdatedBy], [UpdatedDate]) VALUES (1075, N'Nursing Diagnosis', NULL, N'Medical', 14, NULL, N'medical/nursing-diagnosis', N'Argi P', CAST(N'2024-02-19T17:48:45.5780786' AS DateTime2), N'Administrator', CAST(N'2024-02-21T17:31:31.4013276' AS DateTime2))
SET IDENTITY_INSERT [dbo].[Menus] OFF
GO
SET IDENTITY_INSERT [dbo].[NursingDiagnoses] ON 

INSERT [dbo].[NursingDiagnoses] ([Id], [Problem], [Code], [CreatedBy], [CreatedDate], [UpdatedBy], [UpdatedDate]) VALUES (3, N'Problem 1', N'01', N'Administrator', CAST(N'2024-02-21T17:32:23.1202276' AS DateTime2), NULL, NULL)
SET IDENTITY_INSERT [dbo].[NursingDiagnoses] OFF
GO
SET IDENTITY_INSERT [dbo].[Occupationals] ON 

INSERT [dbo].[Occupationals] ([Id], [Name], [Description], [CreatedBy], [CreatedDate], [UpdatedBy], [UpdatedDate]) VALUES (9, N'Pelayar', N'', NULL, CAST(N'2024-01-19T09:38:20.3512023' AS DateTime2), NULL, NULL)
INSERT [dbo].[Occupationals] ([Id], [Name], [Description], [CreatedBy], [CreatedDate], [UpdatedBy], [UpdatedDate]) VALUES (10, N'Wiraswasta', N'', NULL, CAST(N'2024-01-19T10:48:29.3613600' AS DateTime2), NULL, NULL)
INSERT [dbo].[Occupationals] ([Id], [Name], [Description], [CreatedBy], [CreatedDate], [UpdatedBy], [UpdatedDate]) VALUES (11, N'ASN', N'', NULL, CAST(N'2024-01-19T10:51:03.5256107' AS DateTime2), NULL, NULL)
INSERT [dbo].[Occupationals] ([Id], [Name], [Description], [CreatedBy], [CreatedDate], [UpdatedBy], [UpdatedDate]) VALUES (12, N'TNI/POLRI', N'', NULL, CAST(N'2024-01-19T10:51:15.4403856' AS DateTime2), NULL, NULL)
SET IDENTITY_INSERT [dbo].[Occupationals] OFF
GO
SET IDENTITY_INSERT [dbo].[PatientAllergies] ON 

INSERT [dbo].[PatientAllergies] ([Id], [Farmacology], [Weather], [Food], [UserId], [CreatedBy], [CreatedDate], [UpdatedBy], [UpdatedDate]) VALUES (28, NULL, NULL, NULL, 75, N'Argi P', CAST(N'2024-02-19T09:38:32.9252177' AS DateTime2), NULL, NULL)
INSERT [dbo].[PatientAllergies] ([Id], [Farmacology], [Weather], [Food], [UserId], [CreatedBy], [CreatedDate], [UpdatedBy], [UpdatedDate]) VALUES (29, NULL, NULL, NULL, 76, N'Argi P', CAST(N'2024-02-19T09:39:52.6726067' AS DateTime2), NULL, NULL)
INSERT [dbo].[PatientAllergies] ([Id], [Farmacology], [Weather], [Food], [UserId], [CreatedBy], [CreatedDate], [UpdatedBy], [UpdatedDate]) VALUES (30, NULL, NULL, NULL, 77, N'Argi P', CAST(N'2024-02-19T09:40:15.1039480' AS DateTime2), NULL, NULL)
INSERT [dbo].[PatientAllergies] ([Id], [Farmacology], [Weather], [Food], [UserId], [CreatedBy], [CreatedDate], [UpdatedBy], [UpdatedDate]) VALUES (31, NULL, NULL, NULL, 78, N'Argi P', CAST(N'2024-02-19T09:40:35.5706664' AS DateTime2), NULL, NULL)
INSERT [dbo].[PatientAllergies] ([Id], [Farmacology], [Weather], [Food], [UserId], [CreatedBy], [CreatedDate], [UpdatedBy], [UpdatedDate]) VALUES (32, NULL, NULL, NULL, 79, N'Argi P', CAST(N'2024-02-19T09:41:19.0671802' AS DateTime2), NULL, NULL)
INSERT [dbo].[PatientAllergies] ([Id], [Farmacology], [Weather], [Food], [UserId], [CreatedBy], [CreatedDate], [UpdatedBy], [UpdatedDate]) VALUES (33, NULL, NULL, NULL, 55, N'Argi P', CAST(N'2024-02-19T11:09:36.6374970' AS DateTime2), NULL, NULL)
INSERT [dbo].[PatientAllergies] ([Id], [Farmacology], [Weather], [Food], [UserId], [CreatedBy], [CreatedDate], [UpdatedBy], [UpdatedDate]) VALUES (34, NULL, NULL, NULL, 75, N'Argi P', CAST(N'2024-02-19T11:10:37.4198445' AS DateTime2), NULL, NULL)
INSERT [dbo].[PatientAllergies] ([Id], [Farmacology], [Weather], [Food], [UserId], [CreatedBy], [CreatedDate], [UpdatedBy], [UpdatedDate]) VALUES (35, NULL, NULL, NULL, 76, N'Administrator', CAST(N'2024-02-19T11:28:52.8206680' AS DateTime2), NULL, NULL)
INSERT [dbo].[PatientAllergies] ([Id], [Farmacology], [Weather], [Food], [UserId], [CreatedBy], [CreatedDate], [UpdatedBy], [UpdatedDate]) VALUES (36, NULL, NULL, NULL, 77, N'Administrator', CAST(N'2024-02-19T11:29:04.4440011' AS DateTime2), NULL, NULL)
INSERT [dbo].[PatientAllergies] ([Id], [Farmacology], [Weather], [Food], [UserId], [CreatedBy], [CreatedDate], [UpdatedBy], [UpdatedDate]) VALUES (37, NULL, NULL, NULL, 78, N'Administrator', CAST(N'2024-02-19T11:29:11.6806671' AS DateTime2), NULL, NULL)
INSERT [dbo].[PatientAllergies] ([Id], [Farmacology], [Weather], [Food], [UserId], [CreatedBy], [CreatedDate], [UpdatedBy], [UpdatedDate]) VALUES (38, NULL, NULL, NULL, 75, N'Administrator', CAST(N'2024-02-19T11:30:05.3075926' AS DateTime2), NULL, NULL)
INSERT [dbo].[PatientAllergies] ([Id], [Farmacology], [Weather], [Food], [UserId], [CreatedBy], [CreatedDate], [UpdatedBy], [UpdatedDate]) VALUES (39, NULL, NULL, NULL, 82, N'Argi P', CAST(N'2024-02-20T15:43:38.3965353' AS DateTime2), NULL, NULL)
INSERT [dbo].[PatientAllergies] ([Id], [Farmacology], [Weather], [Food], [UserId], [CreatedBy], [CreatedDate], [UpdatedBy], [UpdatedDate]) VALUES (40, NULL, NULL, NULL, 82, N'Administrator', CAST(N'2024-02-20T16:08:10.4219265' AS DateTime2), NULL, NULL)
INSERT [dbo].[PatientAllergies] ([Id], [Farmacology], [Weather], [Food], [UserId], [CreatedBy], [CreatedDate], [UpdatedBy], [UpdatedDate]) VALUES (41, NULL, NULL, NULL, 82, N'Administrator', CAST(N'2024-02-20T16:10:47.8787237' AS DateTime2), NULL, NULL)
INSERT [dbo].[PatientAllergies] ([Id], [Farmacology], [Weather], [Food], [UserId], [CreatedBy], [CreatedDate], [UpdatedBy], [UpdatedDate]) VALUES (42, NULL, NULL, NULL, 83, N'Argi P', CAST(N'2024-02-20T17:29:10.8206311' AS DateTime2), NULL, NULL)
INSERT [dbo].[PatientAllergies] ([Id], [Farmacology], [Weather], [Food], [UserId], [CreatedBy], [CreatedDate], [UpdatedBy], [UpdatedDate]) VALUES (43, NULL, NULL, NULL, 83, N'Argi P', CAST(N'2024-02-20T17:30:47.4107709' AS DateTime2), NULL, NULL)
SET IDENTITY_INSERT [dbo].[PatientAllergies] OFF
GO
SET IDENTITY_INSERT [dbo].[Procedures] ON 

INSERT [dbo].[Procedures] ([Id], [Name], [Code_Test], [Classification], [CreatedBy], [CreatedDate], [UpdatedBy], [UpdatedDate]) VALUES (1, N'Therapeutic ultrasound of vessels of head and neck', N'00.01', N'Berat', NULL, CAST(N'2024-01-29T08:06:25.2933362' AS DateTime2), NULL, NULL)
INSERT [dbo].[Procedures] ([Id], [Name], [Code_Test], [Classification], [CreatedBy], [CreatedDate], [UpdatedBy], [UpdatedDate]) VALUES (5, N'Therapeutic ultrasound of heart', N'00.02', N'Ringan', NULL, CAST(N'2024-01-29T08:06:35.5185455' AS DateTime2), NULL, NULL)
INSERT [dbo].[Procedures] ([Id], [Name], [Code_Test], [Classification], [CreatedBy], [CreatedDate], [UpdatedBy], [UpdatedDate]) VALUES (6, N'Therapeutic ultrasound of peripheral vascular vessels', N'00.03', N'Sedang', NULL, CAST(N'2024-01-29T08:05:55.2016128' AS DateTime2), NULL, NULL)
INSERT [dbo].[Procedures] ([Id], [Name], [Code_Test], [Classification], [CreatedBy], [CreatedDate], [UpdatedBy], [UpdatedDate]) VALUES (7, N'Other therapeutic ultrasound', N'00.09', N'Sedang', NULL, CAST(N'2024-01-29T08:06:15.0346157' AS DateTime2), NULL, NULL)
SET IDENTITY_INSERT [dbo].[Procedures] OFF
GO
SET IDENTITY_INSERT [dbo].[Provinces] ON 

INSERT [dbo].[Provinces] ([Id], [CountryId], [Name], [Code], [CreatedBy], [CreatedDate], [UpdatedBy], [UpdatedDate]) VALUES (3, 41, N'Jakarta', N'JK01', NULL, CAST(N'2024-01-23T03:29:12.5530139' AS DateTime2), NULL, NULL)
INSERT [dbo].[Provinces] ([Id], [CountryId], [Name], [Code], [CreatedBy], [CreatedDate], [UpdatedBy], [UpdatedDate]) VALUES (4, 41, N'Banten', N'BT', NULL, CAST(N'2024-01-24T02:50:06.0302251' AS DateTime2), NULL, NULL)
SET IDENTITY_INSERT [dbo].[Provinces] OFF
GO
SET IDENTITY_INSERT [dbo].[Religions] ON 

INSERT [dbo].[Religions] ([Id], [Name], [CreatedBy], [CreatedDate], [UpdatedBy], [UpdatedDate]) VALUES (1, N'Islam', NULL, CAST(N'2024-01-18T10:53:04.6460568' AS DateTime2), NULL, NULL)
INSERT [dbo].[Religions] ([Id], [Name], [CreatedBy], [CreatedDate], [UpdatedBy], [UpdatedDate]) VALUES (2, N'Kristen Katolik', NULL, CAST(N'2024-01-23T03:17:36.4671198' AS DateTime2), NULL, NULL)
INSERT [dbo].[Religions] ([Id], [Name], [CreatedBy], [CreatedDate], [UpdatedBy], [UpdatedDate]) VALUES (3, N'Kristen Protestan', NULL, CAST(N'2024-01-23T03:17:48.4650860' AS DateTime2), NULL, NULL)
INSERT [dbo].[Religions] ([Id], [Name], [CreatedBy], [CreatedDate], [UpdatedBy], [UpdatedDate]) VALUES (4, N'Hindu', NULL, CAST(N'2024-01-23T03:17:54.1541960' AS DateTime2), NULL, NULL)
INSERT [dbo].[Religions] ([Id], [Name], [CreatedBy], [CreatedDate], [UpdatedBy], [UpdatedDate]) VALUES (5, N'Budha', NULL, CAST(N'2024-01-23T03:17:59.5754156' AS DateTime2), NULL, NULL)
SET IDENTITY_INSERT [dbo].[Religions] OFF
GO
SET IDENTITY_INSERT [dbo].[Services] ON 

INSERT [dbo].[Services] ([Id], [Name], [Code], [Quota], [CreatedBy], [CreatedDate], [UpdatedBy], [UpdatedDate], [IsKiosk], [IsPatient]) VALUES (7, N'Poli Umum', N'', N'', NULL, CAST(N'2024-01-26T03:40:44.6778574' AS DateTime2), NULL, NULL, 0, 0)
INSERT [dbo].[Services] ([Id], [Name], [Code], [Quota], [CreatedBy], [CreatedDate], [UpdatedBy], [UpdatedDate], [IsKiosk], [IsPatient]) VALUES (8, N'Pharmacy', N'', N'', NULL, CAST(N'2024-01-26T04:23:08.9659869' AS DateTime2), N'Argi P', CAST(N'2024-02-20T09:55:11.3461564' AS DateTime2), 0, 1)
INSERT [dbo].[Services] ([Id], [Name], [Code], [Quota], [CreatedBy], [CreatedDate], [UpdatedBy], [UpdatedDate], [IsKiosk], [IsPatient]) VALUES (9, N'Poli klinik', N'', N'', N'Argi P', CAST(N'2024-02-20T09:57:11.1838833' AS DateTime2), NULL, NULL, 0, 1)
INSERT [dbo].[Services] ([Id], [Name], [Code], [Quota], [CreatedBy], [CreatedDate], [UpdatedBy], [UpdatedDate], [IsKiosk], [IsPatient]) VALUES (10, N'Poli Anak', N'', N'', N'Argi P', CAST(N'2024-02-20T10:01:42.7616730' AS DateTime2), NULL, NULL, 0, 1)
INSERT [dbo].[Services] ([Id], [Name], [Code], [Quota], [CreatedBy], [CreatedDate], [UpdatedBy], [UpdatedDate], [IsKiosk], [IsPatient]) VALUES (11, N'Poli Gigi', N'', N'', N'Argi P', CAST(N'2024-02-20T10:02:04.6395044' AS DateTime2), NULL, NULL, 0, 1)
INSERT [dbo].[Services] ([Id], [Name], [Code], [Quota], [CreatedBy], [CreatedDate], [UpdatedBy], [UpdatedDate], [IsKiosk], [IsPatient]) VALUES (12, N'Nurse Station', N'', N'', N'Argi P', CAST(N'2024-02-20T11:37:43.0728462' AS DateTime2), N'Argi P', CAST(N'2024-02-20T13:57:53.6338930' AS DateTime2), 1, 0)
SET IDENTITY_INSERT [dbo].[Services] OFF
GO
SET IDENTITY_INSERT [dbo].[Specialities] ON 

INSERT [dbo].[Specialities] ([Id], [Name], [Code], [CreatedBy], [CreatedDate], [UpdatedBy], [UpdatedDate]) VALUES (20, N'Dokter specialis Anak', N'', NULL, CAST(N'2024-01-19T07:14:39.8051370' AS DateTime2), N'Argi Purwanto', CAST(N'2024-02-02T15:02:06.2173312' AS DateTime2))
INSERT [dbo].[Specialities] ([Id], [Name], [Code], [CreatedBy], [CreatedDate], [UpdatedBy], [UpdatedDate]) VALUES (21, N'Dokter spesialis Gigi', N'G001', NULL, CAST(N'2024-01-19T07:14:52.8465718' AS DateTime2), N'Argi Purwanto', CAST(N'2024-02-02T15:02:46.4925642' AS DateTime2))
INSERT [dbo].[Specialities] ([Id], [Name], [Code], [CreatedBy], [CreatedDate], [UpdatedBy], [UpdatedDate]) VALUES (23, N'Dokter spesialis kulit', N'DK001', NULL, CAST(N'2024-01-19T07:26:10.9773326' AS DateTime2), N'Argi Purwanto', CAST(N'2024-02-02T15:02:32.3033925' AS DateTime2))
SET IDENTITY_INSERT [dbo].[Specialities] OFF
GO
SET IDENTITY_INSERT [dbo].[Users] ON 

INSERT [dbo].[Users] ([Id], [GroupId], [Name], [UserName], [Email], [Password], [NoRm], [GenderId], [MartialStatus], [PlaceOfBirth], [DateOfBirth], [TypeId], [NoId], [ExpiredId], [IdCardAddress1], [IdCardAddress2], [IdCardCountryId], [IdCardProvinceId], [IdCardCityId], [IdCardDistrictId], [IdCardVillageId], [IdCardRtRw], [IdCardZip], [DomicileAddress1], [DomicileAddress2], [DomicileCountryId], [DomicileProvinceId], [DomicileCityId], [DomicileDistrictId], [DomicileVillageId], [DomicileRtRw], [DomicileZip], [BiologicalMother], [MotherNIK], [ReligionId], [MobilePhone], [HomePhoneNumber], [Npwp], [NoBpjsKs], [NoBpjsTk], [SipNo], [SipFile], [SipExp], [StrNo], [StrFile], [StrExp], [SpecialityId], [UserPhoto], [JobPositionId], [DepartmentId], [EmergencyName], [EmergencyRelation], [EmergencyEmail], [EmergencyPhone], [BloodType], [DoctorCode], [EmployeeCode], [DegreeId], [IsEmployee], [IsPatient], [IsUser], [IsDoctor], [IsPhysicion], [IsNurse], [EmployeeStatus], [JoinDate], [NIP], [Legacy], [SAP], [Oracle], [EmailTemplateId], [CreatedBy], [CreatedDate], [UpdatedBy], [UpdatedDate], [EmployeeType], [IsEmployeeRelation], [DoctorServiceIds]) VALUES (25, 33, N'Argi P', N'admin@example.com', N'admin@example.com', N'123', NULL, NULL, NULL, NULL, CAST(N'2024-01-24T07:01:52.7977315' AS DateTime2), N'KTP', NULL, NULL, NULL, NULL, NULL, NULL, NULL, NULL, NULL, NULL, NULL, NULL, NULL, NULL, NULL, NULL, NULL, NULL, NULL, NULL, NULL, NULL, NULL, NULL, NULL, NULL, NULL, NULL, NULL, NULL, NULL, NULL, NULL, NULL, NULL, NULL, 5, 5, NULL, NULL, NULL, NULL, NULL, NULL, NULL, NULL, 1, 0, 1, 0, 0, 0, NULL, NULL, N'1', N'1111', N'1212', N'1414', NULL, NULL, CAST(N'2024-01-24T08:35:13.1843839' AS DateTime2), N'Argi P', CAST(N'2024-02-16T15:05:37.7676760' AS DateTime2), NULL, NULL, N'[]')
INSERT [dbo].[Users] ([Id], [GroupId], [Name], [UserName], [Email], [Password], [NoRm], [GenderId], [MartialStatus], [PlaceOfBirth], [DateOfBirth], [TypeId], [NoId], [ExpiredId], [IdCardAddress1], [IdCardAddress2], [IdCardCountryId], [IdCardProvinceId], [IdCardCityId], [IdCardDistrictId], [IdCardVillageId], [IdCardRtRw], [IdCardZip], [DomicileAddress1], [DomicileAddress2], [DomicileCountryId], [DomicileProvinceId], [DomicileCityId], [DomicileDistrictId], [DomicileVillageId], [DomicileRtRw], [DomicileZip], [BiologicalMother], [MotherNIK], [ReligionId], [MobilePhone], [HomePhoneNumber], [Npwp], [NoBpjsKs], [NoBpjsTk], [SipNo], [SipFile], [SipExp], [StrNo], [StrFile], [StrExp], [SpecialityId], [UserPhoto], [JobPositionId], [DepartmentId], [EmergencyName], [EmergencyRelation], [EmergencyEmail], [EmergencyPhone], [BloodType], [DoctorCode], [EmployeeCode], [DegreeId], [IsEmployee], [IsPatient], [IsUser], [IsDoctor], [IsPhysicion], [IsNurse], [EmployeeStatus], [JoinDate], [NIP], [Legacy], [SAP], [Oracle], [EmailTemplateId], [CreatedBy], [CreatedDate], [UpdatedBy], [UpdatedDate], [EmployeeType], [IsEmployeeRelation], [DoctorServiceIds]) VALUES (26, 34, N'Wahyu', N'ws@gmail.com', N'ws@gmail.com', N'123', NULL, NULL, NULL, NULL, CAST(N'2024-01-24T10:44:18.2079262' AS DateTime2), N'KTP', NULL, NULL, NULL, NULL, NULL, NULL, NULL, NULL, NULL, NULL, NULL, NULL, NULL, NULL, NULL, NULL, NULL, NULL, NULL, NULL, NULL, NULL, NULL, NULL, NULL, NULL, NULL, NULL, NULL, NULL, NULL, NULL, NULL, NULL, NULL, NULL, 7, 4, NULL, NULL, NULL, NULL, NULL, NULL, NULL, NULL, 1, 0, 0, 0, 0, 0, NULL, NULL, N'2', N'001', N'002', N'0004', NULL, NULL, CAST(N'2024-01-26T07:05:39.4274169' AS DateTime2), N'Administrator', CAST(N'2024-02-13T13:33:28.6004135' AS DateTime2), NULL, NULL, N'[]')
INSERT [dbo].[Users] ([Id], [GroupId], [Name], [UserName], [Email], [Password], [NoRm], [GenderId], [MartialStatus], [PlaceOfBirth], [DateOfBirth], [TypeId], [NoId], [ExpiredId], [IdCardAddress1], [IdCardAddress2], [IdCardCountryId], [IdCardProvinceId], [IdCardCityId], [IdCardDistrictId], [IdCardVillageId], [IdCardRtRw], [IdCardZip], [DomicileAddress1], [DomicileAddress2], [DomicileCountryId], [DomicileProvinceId], [DomicileCityId], [DomicileDistrictId], [DomicileVillageId], [DomicileRtRw], [DomicileZip], [BiologicalMother], [MotherNIK], [ReligionId], [MobilePhone], [HomePhoneNumber], [Npwp], [NoBpjsKs], [NoBpjsTk], [SipNo], [SipFile], [SipExp], [StrNo], [StrFile], [StrExp], [SpecialityId], [UserPhoto], [JobPositionId], [DepartmentId], [EmergencyName], [EmergencyRelation], [EmergencyEmail], [EmergencyPhone], [BloodType], [DoctorCode], [EmployeeCode], [DegreeId], [IsEmployee], [IsPatient], [IsUser], [IsDoctor], [IsPhysicion], [IsNurse], [EmployeeStatus], [JoinDate], [NIP], [Legacy], [SAP], [Oracle], [EmailTemplateId], [CreatedBy], [CreatedDate], [UpdatedBy], [UpdatedDate], [EmployeeType], [IsEmployeeRelation], [DoctorServiceIds]) VALUES (27, 36, N'Jai', N'Jai@gmail.com', N'Jai@gmail.com', N'123', NULL, NULL, NULL, NULL, CAST(N'2024-01-30T03:54:11.4193702' AS DateTime2), N'KTP', NULL, NULL, NULL, NULL, NULL, NULL, NULL, NULL, NULL, NULL, NULL, NULL, NULL, NULL, NULL, NULL, NULL, NULL, NULL, NULL, NULL, NULL, NULL, NULL, NULL, NULL, NULL, NULL, NULL, NULL, NULL, NULL, NULL, NULL, NULL, NULL, 5, NULL, NULL, NULL, NULL, NULL, NULL, NULL, NULL, NULL, 0, 0, 0, 0, 0, 0, NULL, NULL, N'9797', N'6767', N'8787', N'1010', NULL, NULL, CAST(N'2024-01-30T08:24:01.3252234' AS DateTime2), N'Argi P', CAST(N'2024-02-07T15:21:47.3360352' AS DateTime2), NULL, 1, N'[]')
INSERT [dbo].[Users] ([Id], [GroupId], [Name], [UserName], [Email], [Password], [NoRm], [GenderId], [MartialStatus], [PlaceOfBirth], [DateOfBirth], [TypeId], [NoId], [ExpiredId], [IdCardAddress1], [IdCardAddress2], [IdCardCountryId], [IdCardProvinceId], [IdCardCityId], [IdCardDistrictId], [IdCardVillageId], [IdCardRtRw], [IdCardZip], [DomicileAddress1], [DomicileAddress2], [DomicileCountryId], [DomicileProvinceId], [DomicileCityId], [DomicileDistrictId], [DomicileVillageId], [DomicileRtRw], [DomicileZip], [BiologicalMother], [MotherNIK], [ReligionId], [MobilePhone], [HomePhoneNumber], [Npwp], [NoBpjsKs], [NoBpjsTk], [SipNo], [SipFile], [SipExp], [StrNo], [StrFile], [StrExp], [SpecialityId], [UserPhoto], [JobPositionId], [DepartmentId], [EmergencyName], [EmergencyRelation], [EmergencyEmail], [EmergencyPhone], [BloodType], [DoctorCode], [EmployeeCode], [DegreeId], [IsEmployee], [IsPatient], [IsUser], [IsDoctor], [IsPhysicion], [IsNurse], [EmployeeStatus], [JoinDate], [NIP], [Legacy], [SAP], [Oracle], [EmailTemplateId], [CreatedBy], [CreatedDate], [UpdatedBy], [UpdatedDate], [EmployeeType], [IsEmployeeRelation], [DoctorServiceIds]) VALUES (35, NULL, N'Joko', N'joko@gmail.com', N'joko@gmail.com', N'', NULL, NULL, NULL, NULL, NULL, N'KTP', NULL, NULL, NULL, NULL, NULL, NULL, NULL, NULL, NULL, NULL, NULL, NULL, NULL, NULL, NULL, NULL, NULL, NULL, NULL, NULL, NULL, NULL, NULL, NULL, NULL, NULL, NULL, NULL, NULL, NULL, NULL, NULL, NULL, NULL, NULL, NULL, 5, 6, NULL, NULL, NULL, NULL, NULL, NULL, NULL, NULL, 1, 0, 0, 0, 0, 0, NULL, NULL, N'0', NULL, NULL, NULL, NULL, N'Argi Purwanto', CAST(N'2024-02-07T14:10:38.7169212' AS DateTime2), N'Administrator', CAST(N'2024-02-13T13:33:16.8467496' AS DateTime2), NULL, NULL, N'[]')
INSERT [dbo].[Users] ([Id], [GroupId], [Name], [UserName], [Email], [Password], [NoRm], [GenderId], [MartialStatus], [PlaceOfBirth], [DateOfBirth], [TypeId], [NoId], [ExpiredId], [IdCardAddress1], [IdCardAddress2], [IdCardCountryId], [IdCardProvinceId], [IdCardCityId], [IdCardDistrictId], [IdCardVillageId], [IdCardRtRw], [IdCardZip], [DomicileAddress1], [DomicileAddress2], [DomicileCountryId], [DomicileProvinceId], [DomicileCityId], [DomicileDistrictId], [DomicileVillageId], [DomicileRtRw], [DomicileZip], [BiologicalMother], [MotherNIK], [ReligionId], [MobilePhone], [HomePhoneNumber], [Npwp], [NoBpjsKs], [NoBpjsTk], [SipNo], [SipFile], [SipExp], [StrNo], [StrFile], [StrExp], [SpecialityId], [UserPhoto], [JobPositionId], [DepartmentId], [EmergencyName], [EmergencyRelation], [EmergencyEmail], [EmergencyPhone], [BloodType], [DoctorCode], [EmployeeCode], [DegreeId], [IsEmployee], [IsPatient], [IsUser], [IsDoctor], [IsPhysicion], [IsNurse], [EmployeeStatus], [JoinDate], [NIP], [Legacy], [SAP], [Oracle], [EmailTemplateId], [CreatedBy], [CreatedDate], [UpdatedBy], [UpdatedDate], [EmployeeType], [IsEmployeeRelation], [DoctorServiceIds]) VALUES (38, NULL, N'Anggi', N'anggi@gmail.com', N'anggi@gmail.com', N'', NULL, NULL, NULL, NULL, NULL, N'KTP', NULL, NULL, NULL, NULL, NULL, NULL, NULL, NULL, NULL, NULL, NULL, NULL, NULL, NULL, NULL, NULL, NULL, NULL, NULL, NULL, NULL, NULL, NULL, NULL, NULL, NULL, NULL, NULL, N'02072023', NULL, NULL, N'10880232', NULL, NULL, NULL, NULL, NULL, NULL, NULL, NULL, NULL, N'08138318', NULL, NULL, NULL, NULL, 0, 0, 0, 1, 1, 0, NULL, NULL, N'0', NULL, NULL, NULL, NULL, N'Argi Purwanto', CAST(N'2024-02-07T15:37:53.1846458' AS DateTime2), N'Administrator', CAST(N'2024-02-20T17:51:42.2859391' AS DateTime2), NULL, 0, N'[7,8]')
INSERT [dbo].[Users] ([Id], [GroupId], [Name], [UserName], [Email], [Password], [NoRm], [GenderId], [MartialStatus], [PlaceOfBirth], [DateOfBirth], [TypeId], [NoId], [ExpiredId], [IdCardAddress1], [IdCardAddress2], [IdCardCountryId], [IdCardProvinceId], [IdCardCityId], [IdCardDistrictId], [IdCardVillageId], [IdCardRtRw], [IdCardZip], [DomicileAddress1], [DomicileAddress2], [DomicileCountryId], [DomicileProvinceId], [DomicileCityId], [DomicileDistrictId], [DomicileVillageId], [DomicileRtRw], [DomicileZip], [BiologicalMother], [MotherNIK], [ReligionId], [MobilePhone], [HomePhoneNumber], [Npwp], [NoBpjsKs], [NoBpjsTk], [SipNo], [SipFile], [SipExp], [StrNo], [StrFile], [StrExp], [SpecialityId], [UserPhoto], [JobPositionId], [DepartmentId], [EmergencyName], [EmergencyRelation], [EmergencyEmail], [EmergencyPhone], [BloodType], [DoctorCode], [EmployeeCode], [DegreeId], [IsEmployee], [IsPatient], [IsUser], [IsDoctor], [IsPhysicion], [IsNurse], [EmployeeStatus], [JoinDate], [NIP], [Legacy], [SAP], [Oracle], [EmailTemplateId], [CreatedBy], [CreatedDate], [UpdatedBy], [UpdatedDate], [EmployeeType], [IsEmployeeRelation], [DoctorServiceIds]) VALUES (39, NULL, N'Neneng', N'neng@gmail.com', N'neng@gmail.com', N'', NULL, NULL, NULL, NULL, NULL, N'KTP', NULL, NULL, NULL, NULL, NULL, NULL, NULL, NULL, NULL, NULL, NULL, NULL, NULL, NULL, NULL, NULL, NULL, NULL, NULL, NULL, NULL, NULL, NULL, NULL, NULL, NULL, NULL, NULL, NULL, NULL, NULL, NULL, NULL, NULL, NULL, NULL, NULL, NULL, NULL, NULL, NULL, NULL, NULL, NULL, NULL, NULL, 0, 0, 0, 1, 0, 1, NULL, NULL, N'0', NULL, NULL, NULL, NULL, N'Argi Purwanto', CAST(N'2024-02-07T15:47:52.9004513' AS DateTime2), NULL, NULL, NULL, 0, N'[]')
INSERT [dbo].[Users] ([Id], [GroupId], [Name], [UserName], [Email], [Password], [NoRm], [GenderId], [MartialStatus], [PlaceOfBirth], [DateOfBirth], [TypeId], [NoId], [ExpiredId], [IdCardAddress1], [IdCardAddress2], [IdCardCountryId], [IdCardProvinceId], [IdCardCityId], [IdCardDistrictId], [IdCardVillageId], [IdCardRtRw], [IdCardZip], [DomicileAddress1], [DomicileAddress2], [DomicileCountryId], [DomicileProvinceId], [DomicileCityId], [DomicileDistrictId], [DomicileVillageId], [DomicileRtRw], [DomicileZip], [BiologicalMother], [MotherNIK], [ReligionId], [MobilePhone], [HomePhoneNumber], [Npwp], [NoBpjsKs], [NoBpjsTk], [SipNo], [SipFile], [SipExp], [StrNo], [StrFile], [StrExp], [SpecialityId], [UserPhoto], [JobPositionId], [DepartmentId], [EmergencyName], [EmergencyRelation], [EmergencyEmail], [EmergencyPhone], [BloodType], [DoctorCode], [EmployeeCode], [DegreeId], [IsEmployee], [IsPatient], [IsUser], [IsDoctor], [IsPhysicion], [IsNurse], [EmployeeStatus], [JoinDate], [NIP], [Legacy], [SAP], [Oracle], [EmailTemplateId], [CreatedBy], [CreatedDate], [UpdatedBy], [UpdatedDate], [EmployeeType], [IsEmployeeRelation], [DoctorServiceIds]) VALUES (53, NULL, N'Dokter', N'dokter@mail.com', N'dokter@mail.com', N'', N'-', NULL, NULL, NULL, NULL, N'KTP', NULL, NULL, NULL, NULL, NULL, NULL, NULL, NULL, NULL, NULL, NULL, NULL, NULL, NULL, NULL, NULL, NULL, NULL, NULL, NULL, NULL, NULL, NULL, NULL, NULL, NULL, NULL, NULL, N'001', NULL, NULL, N'001', NULL, NULL, NULL, NULL, NULL, NULL, NULL, NULL, NULL, NULL, NULL, NULL, NULL, NULL, 0, 0, 0, 1, 1, 0, NULL, NULL, NULL, NULL, NULL, NULL, NULL, N'Argi P', CAST(N'2024-02-12T13:28:55.2990475' AS DateTime2), N'Argi P', CAST(N'2024-02-12T13:29:07.0130095' AS DateTime2), NULL, 0, N'[]')
INSERT [dbo].[Users] ([Id], [GroupId], [Name], [UserName], [Email], [Password], [NoRm], [GenderId], [MartialStatus], [PlaceOfBirth], [DateOfBirth], [TypeId], [NoId], [ExpiredId], [IdCardAddress1], [IdCardAddress2], [IdCardCountryId], [IdCardProvinceId], [IdCardCityId], [IdCardDistrictId], [IdCardVillageId], [IdCardRtRw], [IdCardZip], [DomicileAddress1], [DomicileAddress2], [DomicileCountryId], [DomicileProvinceId], [DomicileCityId], [DomicileDistrictId], [DomicileVillageId], [DomicileRtRw], [DomicileZip], [BiologicalMother], [MotherNIK], [ReligionId], [MobilePhone], [HomePhoneNumber], [Npwp], [NoBpjsKs], [NoBpjsTk], [SipNo], [SipFile], [SipExp], [StrNo], [StrFile], [StrExp], [SpecialityId], [UserPhoto], [JobPositionId], [DepartmentId], [EmergencyName], [EmergencyRelation], [EmergencyEmail], [EmergencyPhone], [BloodType], [DoctorCode], [EmployeeCode], [DegreeId], [IsEmployee], [IsPatient], [IsUser], [IsDoctor], [IsPhysicion], [IsNurse], [EmployeeStatus], [JoinDate], [NIP], [Legacy], [SAP], [Oracle], [EmailTemplateId], [CreatedBy], [CreatedDate], [UpdatedBy], [UpdatedDate], [EmployeeType], [IsEmployeeRelation], [DoctorServiceIds]) VALUES (55, 37, N'Administrator', N'admin@mail.com', N'admin@mail.com', N'123', N'16-02-2024-0011', NULL, NULL, NULL, CAST(N'2024-02-19T00:00:00.0000000' AS DateTime2), N'KTP', NULL, NULL, NULL, NULL, NULL, NULL, NULL, NULL, NULL, NULL, NULL, NULL, NULL, NULL, NULL, NULL, NULL, NULL, NULL, NULL, NULL, NULL, NULL, NULL, NULL, NULL, NULL, NULL, NULL, NULL, NULL, NULL, NULL, NULL, NULL, NULL, NULL, NULL, NULL, NULL, NULL, NULL, NULL, NULL, NULL, NULL, 0, 1, 0, 0, 0, 0, NULL, NULL, NULL, NULL, NULL, NULL, NULL, N'Argi P', CAST(N'2024-02-12T13:32:30.6115409' AS DateTime2), N'Argi P', CAST(N'2024-02-19T11:09:37.1201002' AS DateTime2), NULL, 0, N'[]')
INSERT [dbo].[Users] ([Id], [GroupId], [Name], [UserName], [Email], [Password], [NoRm], [GenderId], [MartialStatus], [PlaceOfBirth], [DateOfBirth], [TypeId], [NoId], [ExpiredId], [IdCardAddress1], [IdCardAddress2], [IdCardCountryId], [IdCardProvinceId], [IdCardCityId], [IdCardDistrictId], [IdCardVillageId], [IdCardRtRw], [IdCardZip], [DomicileAddress1], [DomicileAddress2], [DomicileCountryId], [DomicileProvinceId], [DomicileCityId], [DomicileDistrictId], [DomicileVillageId], [DomicileRtRw], [DomicileZip], [BiologicalMother], [MotherNIK], [ReligionId], [MobilePhone], [HomePhoneNumber], [Npwp], [NoBpjsKs], [NoBpjsTk], [SipNo], [SipFile], [SipExp], [StrNo], [StrFile], [StrExp], [SpecialityId], [UserPhoto], [JobPositionId], [DepartmentId], [EmergencyName], [EmergencyRelation], [EmergencyEmail], [EmergencyPhone], [BloodType], [DoctorCode], [EmployeeCode], [DegreeId], [IsEmployee], [IsPatient], [IsUser], [IsDoctor], [IsPhysicion], [IsNurse], [EmployeeStatus], [JoinDate], [NIP], [Legacy], [SAP], [Oracle], [EmailTemplateId], [CreatedBy], [CreatedDate], [UpdatedBy], [UpdatedDate], [EmployeeType], [IsEmployeeRelation], [DoctorServiceIds]) VALUES (60, NULL, N'dokter pranowo', N'pranowo@mail.com', N'pranowo@mail.com', N'', N'-', NULL, NULL, NULL, NULL, N'KTP', NULL, NULL, NULL, NULL, NULL, NULL, NULL, NULL, NULL, NULL, NULL, NULL, NULL, NULL, NULL, NULL, NULL, NULL, NULL, NULL, NULL, NULL, NULL, NULL, NULL, NULL, NULL, NULL, NULL, NULL, NULL, NULL, NULL, NULL, NULL, NULL, NULL, NULL, NULL, NULL, NULL, NULL, NULL, NULL, NULL, NULL, 0, 0, 0, 1, 0, 0, NULL, NULL, NULL, NULL, NULL, NULL, NULL, N'Administrator', CAST(N'2024-02-13T10:02:11.9286486' AS DateTime2), N'Administrator', CAST(N'2024-02-13T10:14:23.2049351' AS DateTime2), NULL, 0, N'[8]')
INSERT [dbo].[Users] ([Id], [GroupId], [Name], [UserName], [Email], [Password], [NoRm], [GenderId], [MartialStatus], [PlaceOfBirth], [DateOfBirth], [TypeId], [NoId], [ExpiredId], [IdCardAddress1], [IdCardAddress2], [IdCardCountryId], [IdCardProvinceId], [IdCardCityId], [IdCardDistrictId], [IdCardVillageId], [IdCardRtRw], [IdCardZip], [DomicileAddress1], [DomicileAddress2], [DomicileCountryId], [DomicileProvinceId], [DomicileCityId], [DomicileDistrictId], [DomicileVillageId], [DomicileRtRw], [DomicileZip], [BiologicalMother], [MotherNIK], [ReligionId], [MobilePhone], [HomePhoneNumber], [Npwp], [NoBpjsKs], [NoBpjsTk], [SipNo], [SipFile], [SipExp], [StrNo], [StrFile], [StrExp], [SpecialityId], [UserPhoto], [JobPositionId], [DepartmentId], [EmergencyName], [EmergencyRelation], [EmergencyEmail], [EmergencyPhone], [BloodType], [DoctorCode], [EmployeeCode], [DegreeId], [IsEmployee], [IsPatient], [IsUser], [IsDoctor], [IsPhysicion], [IsNurse], [EmployeeStatus], [JoinDate], [NIP], [Legacy], [SAP], [Oracle], [EmailTemplateId], [CreatedBy], [CreatedDate], [UpdatedBy], [UpdatedDate], [EmployeeType], [IsEmployeeRelation], [DoctorServiceIds]) VALUES (75, NULL, N'Judika', N'judika@gmail.com', N'judika@gmail.com', N'', N'19-02-2024-0012', NULL, NULL, NULL, CAST(N'1989-01-01T00:00:00.0000000' AS DateTime2), N'KTP', N'192837891723', NULL, NULL, NULL, NULL, NULL, NULL, NULL, NULL, NULL, NULL, NULL, NULL, NULL, NULL, NULL, NULL, NULL, NULL, NULL, NULL, NULL, 1, N'081383182102810', N'081383182119', NULL, NULL, NULL, NULL, NULL, NULL, NULL, NULL, NULL, NULL, NULL, NULL, NULL, NULL, NULL, NULL, NULL, NULL, NULL, NULL, NULL, 0, 1, 0, 0, 0, 0, NULL, NULL, NULL, NULL, NULL, NULL, NULL, N'Argi P', CAST(N'2024-02-19T09:38:31.7282091' AS DateTime2), N'Administrator', CAST(N'2024-02-19T11:30:05.7353320' AS DateTime2), NULL, 0, N'[]')
INSERT [dbo].[Users] ([Id], [GroupId], [Name], [UserName], [Email], [Password], [NoRm], [GenderId], [MartialStatus], [PlaceOfBirth], [DateOfBirth], [TypeId], [NoId], [ExpiredId], [IdCardAddress1], [IdCardAddress2], [IdCardCountryId], [IdCardProvinceId], [IdCardCityId], [IdCardDistrictId], [IdCardVillageId], [IdCardRtRw], [IdCardZip], [DomicileAddress1], [DomicileAddress2], [DomicileCountryId], [DomicileProvinceId], [DomicileCityId], [DomicileDistrictId], [DomicileVillageId], [DomicileRtRw], [DomicileZip], [BiologicalMother], [MotherNIK], [ReligionId], [MobilePhone], [HomePhoneNumber], [Npwp], [NoBpjsKs], [NoBpjsTk], [SipNo], [SipFile], [SipExp], [StrNo], [StrFile], [StrExp], [SpecialityId], [UserPhoto], [JobPositionId], [DepartmentId], [EmergencyName], [EmergencyRelation], [EmergencyEmail], [EmergencyPhone], [BloodType], [DoctorCode], [EmployeeCode], [DegreeId], [IsEmployee], [IsPatient], [IsUser], [IsDoctor], [IsPhysicion], [IsNurse], [EmployeeStatus], [JoinDate], [NIP], [Legacy], [SAP], [Oracle], [EmailTemplateId], [CreatedBy], [CreatedDate], [UpdatedBy], [UpdatedDate], [EmployeeType], [IsEmployeeRelation], [DoctorServiceIds]) VALUES (76, NULL, N'Arnold', N'arnold@gmail.com', N'arnold@gmail.com', N'', N'19-02-2024-0013', NULL, NULL, NULL, CAST(N'2024-02-14T00:00:00.0000000' AS DateTime2), N'KTP', NULL, NULL, NULL, NULL, NULL, NULL, NULL, NULL, NULL, NULL, NULL, NULL, NULL, NULL, NULL, NULL, NULL, NULL, NULL, NULL, NULL, NULL, NULL, NULL, NULL, NULL, NULL, NULL, NULL, NULL, NULL, NULL, NULL, NULL, NULL, NULL, NULL, NULL, NULL, NULL, NULL, NULL, NULL, NULL, NULL, NULL, 0, 1, 0, 0, 0, 0, NULL, NULL, NULL, NULL, NULL, NULL, NULL, N'Argi P', CAST(N'2024-02-19T09:39:52.6256205' AS DateTime2), N'Administrator', CAST(N'2024-02-19T11:28:52.8679889' AS DateTime2), NULL, 0, N'[]')
INSERT [dbo].[Users] ([Id], [GroupId], [Name], [UserName], [Email], [Password], [NoRm], [GenderId], [MartialStatus], [PlaceOfBirth], [DateOfBirth], [TypeId], [NoId], [ExpiredId], [IdCardAddress1], [IdCardAddress2], [IdCardCountryId], [IdCardProvinceId], [IdCardCityId], [IdCardDistrictId], [IdCardVillageId], [IdCardRtRw], [IdCardZip], [DomicileAddress1], [DomicileAddress2], [DomicileCountryId], [DomicileProvinceId], [DomicileCityId], [DomicileDistrictId], [DomicileVillageId], [DomicileRtRw], [DomicileZip], [BiologicalMother], [MotherNIK], [ReligionId], [MobilePhone], [HomePhoneNumber], [Npwp], [NoBpjsKs], [NoBpjsTk], [SipNo], [SipFile], [SipExp], [StrNo], [StrFile], [StrExp], [SpecialityId], [UserPhoto], [JobPositionId], [DepartmentId], [EmergencyName], [EmergencyRelation], [EmergencyEmail], [EmergencyPhone], [BloodType], [DoctorCode], [EmployeeCode], [DegreeId], [IsEmployee], [IsPatient], [IsUser], [IsDoctor], [IsPhysicion], [IsNurse], [EmployeeStatus], [JoinDate], [NIP], [Legacy], [SAP], [Oracle], [EmailTemplateId], [CreatedBy], [CreatedDate], [UpdatedBy], [UpdatedDate], [EmployeeType], [IsEmployeeRelation], [DoctorServiceIds]) VALUES (77, NULL, N'Budi', N'budi@gmail.com', N'budi@gmail.com', N'', N'19-02-2024-0014', NULL, NULL, NULL, CAST(N'2024-02-13T00:00:00.0000000' AS DateTime2), N'KTP', NULL, NULL, NULL, NULL, NULL, NULL, NULL, NULL, NULL, NULL, NULL, NULL, NULL, NULL, NULL, NULL, NULL, NULL, NULL, NULL, NULL, NULL, NULL, NULL, NULL, NULL, NULL, NULL, NULL, NULL, NULL, NULL, NULL, NULL, NULL, NULL, NULL, NULL, NULL, NULL, NULL, NULL, NULL, NULL, NULL, NULL, 0, 1, 0, 0, 0, 0, NULL, NULL, NULL, NULL, NULL, NULL, NULL, N'Argi P', CAST(N'2024-02-19T09:40:15.0738982' AS DateTime2), N'Administrator', CAST(N'2024-02-19T11:29:04.4830005' AS DateTime2), NULL, 0, N'[]')
INSERT [dbo].[Users] ([Id], [GroupId], [Name], [UserName], [Email], [Password], [NoRm], [GenderId], [MartialStatus], [PlaceOfBirth], [DateOfBirth], [TypeId], [NoId], [ExpiredId], [IdCardAddress1], [IdCardAddress2], [IdCardCountryId], [IdCardProvinceId], [IdCardCityId], [IdCardDistrictId], [IdCardVillageId], [IdCardRtRw], [IdCardZip], [DomicileAddress1], [DomicileAddress2], [DomicileCountryId], [DomicileProvinceId], [DomicileCityId], [DomicileDistrictId], [DomicileVillageId], [DomicileRtRw], [DomicileZip], [BiologicalMother], [MotherNIK], [ReligionId], [MobilePhone], [HomePhoneNumber], [Npwp], [NoBpjsKs], [NoBpjsTk], [SipNo], [SipFile], [SipExp], [StrNo], [StrFile], [StrExp], [SpecialityId], [UserPhoto], [JobPositionId], [DepartmentId], [EmergencyName], [EmergencyRelation], [EmergencyEmail], [EmergencyPhone], [BloodType], [DoctorCode], [EmployeeCode], [DegreeId], [IsEmployee], [IsPatient], [IsUser], [IsDoctor], [IsPhysicion], [IsNurse], [EmployeeStatus], [JoinDate], [NIP], [Legacy], [SAP], [Oracle], [EmailTemplateId], [CreatedBy], [CreatedDate], [UpdatedBy], [UpdatedDate], [EmployeeType], [IsEmployeeRelation], [DoctorServiceIds]) VALUES (78, NULL, N'Bagus', N'bagus@gmail.com', N'bagus@gmail.com', N'', N'19-02-2024-0015', NULL, NULL, NULL, CAST(N'2024-02-14T00:00:00.0000000' AS DateTime2), N'KTP', NULL, NULL, NULL, NULL, NULL, NULL, NULL, NULL, NULL, NULL, NULL, NULL, NULL, NULL, NULL, NULL, NULL, NULL, NULL, NULL, NULL, NULL, NULL, NULL, NULL, NULL, NULL, NULL, NULL, NULL, NULL, NULL, NULL, NULL, NULL, NULL, NULL, NULL, NULL, NULL, NULL, NULL, NULL, NULL, NULL, NULL, 0, 1, 0, 0, 0, 0, NULL, NULL, NULL, NULL, NULL, NULL, NULL, N'Argi P', CAST(N'2024-02-19T09:40:35.1400831' AS DateTime2), N'Administrator', CAST(N'2024-02-19T11:29:11.7204985' AS DateTime2), NULL, 0, N'[]')
INSERT [dbo].[Users] ([Id], [GroupId], [Name], [UserName], [Email], [Password], [NoRm], [GenderId], [MartialStatus], [PlaceOfBirth], [DateOfBirth], [TypeId], [NoId], [ExpiredId], [IdCardAddress1], [IdCardAddress2], [IdCardCountryId], [IdCardProvinceId], [IdCardCityId], [IdCardDistrictId], [IdCardVillageId], [IdCardRtRw], [IdCardZip], [DomicileAddress1], [DomicileAddress2], [DomicileCountryId], [DomicileProvinceId], [DomicileCityId], [DomicileDistrictId], [DomicileVillageId], [DomicileRtRw], [DomicileZip], [BiologicalMother], [MotherNIK], [ReligionId], [MobilePhone], [HomePhoneNumber], [Npwp], [NoBpjsKs], [NoBpjsTk], [SipNo], [SipFile], [SipExp], [StrNo], [StrFile], [StrExp], [SpecialityId], [UserPhoto], [JobPositionId], [DepartmentId], [EmergencyName], [EmergencyRelation], [EmergencyEmail], [EmergencyPhone], [BloodType], [DoctorCode], [EmployeeCode], [DegreeId], [IsEmployee], [IsPatient], [IsUser], [IsDoctor], [IsPhysicion], [IsNurse], [EmployeeStatus], [JoinDate], [NIP], [Legacy], [SAP], [Oracle], [EmailTemplateId], [CreatedBy], [CreatedDate], [UpdatedBy], [UpdatedDate], [EmployeeType], [IsEmployeeRelation], [DoctorServiceIds]) VALUES (79, NULL, N'Dono', N'dono@gmail.com', N'dono@gmail.com', N'', N'19-02-2024-0016', NULL, NULL, NULL, NULL, N'KTP', NULL, NULL, NULL, NULL, NULL, NULL, NULL, NULL, NULL, NULL, NULL, NULL, NULL, NULL, NULL, NULL, NULL, NULL, NULL, NULL, NULL, NULL, NULL, NULL, NULL, NULL, NULL, NULL, NULL, NULL, NULL, NULL, NULL, NULL, NULL, NULL, NULL, NULL, NULL, NULL, NULL, NULL, NULL, NULL, NULL, NULL, 0, 1, 0, 0, 0, 0, NULL, NULL, NULL, NULL, NULL, NULL, NULL, N'Argi P', CAST(N'2024-02-19T09:41:19.0300814' AS DateTime2), NULL, NULL, NULL, 0, N'[]')
INSERT [dbo].[Users] ([Id], [GroupId], [Name], [UserName], [Email], [Password], [NoRm], [GenderId], [MartialStatus], [PlaceOfBirth], [DateOfBirth], [TypeId], [NoId], [ExpiredId], [IdCardAddress1], [IdCardAddress2], [IdCardCountryId], [IdCardProvinceId], [IdCardCityId], [IdCardDistrictId], [IdCardVillageId], [IdCardRtRw], [IdCardZip], [DomicileAddress1], [DomicileAddress2], [DomicileCountryId], [DomicileProvinceId], [DomicileCityId], [DomicileDistrictId], [DomicileVillageId], [DomicileRtRw], [DomicileZip], [BiologicalMother], [MotherNIK], [ReligionId], [MobilePhone], [HomePhoneNumber], [Npwp], [NoBpjsKs], [NoBpjsTk], [SipNo], [SipFile], [SipExp], [StrNo], [StrFile], [StrExp], [SpecialityId], [UserPhoto], [JobPositionId], [DepartmentId], [EmergencyName], [EmergencyRelation], [EmergencyEmail], [EmergencyPhone], [BloodType], [DoctorCode], [EmployeeCode], [DegreeId], [IsEmployee], [IsPatient], [IsUser], [IsDoctor], [IsPhysicion], [IsNurse], [EmployeeStatus], [JoinDate], [NIP], [Legacy], [SAP], [Oracle], [EmailTemplateId], [CreatedBy], [CreatedDate], [UpdatedBy], [UpdatedDate], [EmployeeType], [IsEmployeeRelation], [DoctorServiceIds]) VALUES (80, NULL, N'Dokter Paijo', N'paijo@gmail.com', N'paijo@gmail.com', N'', N'-', NULL, NULL, NULL, NULL, N'KTP', NULL, NULL, NULL, NULL, NULL, NULL, NULL, NULL, NULL, NULL, NULL, NULL, NULL, NULL, NULL, NULL, NULL, NULL, NULL, NULL, NULL, NULL, NULL, NULL, NULL, NULL, NULL, NULL, NULL, NULL, NULL, NULL, NULL, NULL, NULL, NULL, NULL, NULL, NULL, NULL, NULL, NULL, NULL, NULL, NULL, NULL, 0, 0, 0, 1, 0, 0, NULL, NULL, NULL, NULL, NULL, NULL, NULL, N'Argi P', CAST(N'2024-02-19T13:26:39.4278409' AS DateTime2), NULL, NULL, NULL, 0, N'[8]')
INSERT [dbo].[Users] ([Id], [GroupId], [Name], [UserName], [Email], [Password], [NoRm], [GenderId], [MartialStatus], [PlaceOfBirth], [DateOfBirth], [TypeId], [NoId], [ExpiredId], [IdCardAddress1], [IdCardAddress2], [IdCardCountryId], [IdCardProvinceId], [IdCardCityId], [IdCardDistrictId], [IdCardVillageId], [IdCardRtRw], [IdCardZip], [DomicileAddress1], [DomicileAddress2], [DomicileCountryId], [DomicileProvinceId], [DomicileCityId], [DomicileDistrictId], [DomicileVillageId], [DomicileRtRw], [DomicileZip], [BiologicalMother], [MotherNIK], [ReligionId], [MobilePhone], [HomePhoneNumber], [Npwp], [NoBpjsKs], [NoBpjsTk], [SipNo], [SipFile], [SipExp], [StrNo], [StrFile], [StrExp], [SpecialityId], [UserPhoto], [JobPositionId], [DepartmentId], [EmergencyName], [EmergencyRelation], [EmergencyEmail], [EmergencyPhone], [BloodType], [DoctorCode], [EmployeeCode], [DegreeId], [IsEmployee], [IsPatient], [IsUser], [IsDoctor], [IsPhysicion], [IsNurse], [EmployeeStatus], [JoinDate], [NIP], [Legacy], [SAP], [Oracle], [EmailTemplateId], [CreatedBy], [CreatedDate], [UpdatedBy], [UpdatedDate], [EmployeeType], [IsEmployeeRelation], [DoctorServiceIds]) VALUES (81, NULL, N'Dokter Umum', N'Dr.Umum@gmail.com', N'Dr.Umum@gmail.com', N'', N'-', NULL, NULL, NULL, NULL, N'KTP', NULL, NULL, NULL, NULL, NULL, NULL, NULL, NULL, NULL, NULL, NULL, NULL, NULL, NULL, NULL, NULL, NULL, NULL, NULL, NULL, NULL, NULL, NULL, NULL, NULL, NULL, NULL, NULL, NULL, NULL, NULL, NULL, NULL, NULL, NULL, NULL, NULL, NULL, NULL, NULL, NULL, NULL, NULL, NULL, NULL, NULL, 0, 0, 0, 1, 0, 0, NULL, NULL, NULL, NULL, NULL, NULL, NULL, N'Argi P', CAST(N'2024-02-20T15:38:27.4093271' AS DateTime2), NULL, NULL, NULL, 0, N'[7,9]')
INSERT [dbo].[Users] ([Id], [GroupId], [Name], [UserName], [Email], [Password], [NoRm], [GenderId], [MartialStatus], [PlaceOfBirth], [DateOfBirth], [TypeId], [NoId], [ExpiredId], [IdCardAddress1], [IdCardAddress2], [IdCardCountryId], [IdCardProvinceId], [IdCardCityId], [IdCardDistrictId], [IdCardVillageId], [IdCardRtRw], [IdCardZip], [DomicileAddress1], [DomicileAddress2], [DomicileCountryId], [DomicileProvinceId], [DomicileCityId], [DomicileDistrictId], [DomicileVillageId], [DomicileRtRw], [DomicileZip], [BiologicalMother], [MotherNIK], [ReligionId], [MobilePhone], [HomePhoneNumber], [Npwp], [NoBpjsKs], [NoBpjsTk], [SipNo], [SipFile], [SipExp], [StrNo], [StrFile], [StrExp], [SpecialityId], [UserPhoto], [JobPositionId], [DepartmentId], [EmergencyName], [EmergencyRelation], [EmergencyEmail], [EmergencyPhone], [BloodType], [DoctorCode], [EmployeeCode], [DegreeId], [IsEmployee], [IsPatient], [IsUser], [IsDoctor], [IsPhysicion], [IsNurse], [EmployeeStatus], [JoinDate], [NIP], [Legacy], [SAP], [Oracle], [EmailTemplateId], [CreatedBy], [CreatedDate], [UpdatedBy], [UpdatedDate], [EmployeeType], [IsEmployeeRelation], [DoctorServiceIds]) VALUES (82, NULL, N'Dzai', N'dzai@gmail.com', N'dzai@gmail.com', N'', N'20-02-2024-0017', NULL, NULL, NULL, CAST(N'2024-02-06T00:00:00.0000000' AS DateTime2), N'KTP', N'1231513532', NULL, NULL, NULL, NULL, NULL, NULL, NULL, NULL, NULL, NULL, NULL, NULL, NULL, NULL, NULL, NULL, NULL, NULL, NULL, NULL, NULL, NULL, NULL, NULL, NULL, NULL, NULL, NULL, NULL, NULL, NULL, NULL, NULL, NULL, NULL, NULL, NULL, NULL, NULL, NULL, NULL, NULL, NULL, NULL, NULL, 0, 1, 0, 0, 0, 0, NULL, NULL, NULL, NULL, NULL, NULL, NULL, N'Argi P', CAST(N'2024-02-20T15:43:37.8133964' AS DateTime2), N'Administrator', CAST(N'2024-02-20T16:10:48.8982301' AS DateTime2), NULL, 0, N'[]')
INSERT [dbo].[Users] ([Id], [GroupId], [Name], [UserName], [Email], [Password], [NoRm], [GenderId], [MartialStatus], [PlaceOfBirth], [DateOfBirth], [TypeId], [NoId], [ExpiredId], [IdCardAddress1], [IdCardAddress2], [IdCardCountryId], [IdCardProvinceId], [IdCardCityId], [IdCardDistrictId], [IdCardVillageId], [IdCardRtRw], [IdCardZip], [DomicileAddress1], [DomicileAddress2], [DomicileCountryId], [DomicileProvinceId], [DomicileCityId], [DomicileDistrictId], [DomicileVillageId], [DomicileRtRw], [DomicileZip], [BiologicalMother], [MotherNIK], [ReligionId], [MobilePhone], [HomePhoneNumber], [Npwp], [NoBpjsKs], [NoBpjsTk], [SipNo], [SipFile], [SipExp], [StrNo], [StrFile], [StrExp], [SpecialityId], [UserPhoto], [JobPositionId], [DepartmentId], [EmergencyName], [EmergencyRelation], [EmergencyEmail], [EmergencyPhone], [BloodType], [DoctorCode], [EmployeeCode], [DegreeId], [IsEmployee], [IsPatient], [IsUser], [IsDoctor], [IsPhysicion], [IsNurse], [EmployeeStatus], [JoinDate], [NIP], [Legacy], [SAP], [Oracle], [EmailTemplateId], [CreatedBy], [CreatedDate], [UpdatedBy], [UpdatedDate], [EmployeeType], [IsEmployeeRelation], [DoctorServiceIds]) VALUES (83, NULL, N'Reza', N'reza@gmai.com', N'reza@gmai.com', N'', N'20-02-2024-0018', NULL, NULL, NULL, CAST(N'2024-02-19T00:00:00.0000000' AS DateTime2), N'KTP', N'898989', NULL, NULL, NULL, NULL, NULL, NULL, NULL, NULL, NULL, NULL, NULL, NULL, NULL, NULL, NULL, NULL, NULL, NULL, NULL, NULL, NULL, NULL, NULL, NULL, NULL, NULL, NULL, NULL, NULL, NULL, NULL, NULL, NULL, NULL, NULL, NULL, NULL, NULL, NULL, NULL, NULL, NULL, NULL, NULL, NULL, 0, 1, 0, 0, 0, 0, NULL, NULL, NULL, NULL, NULL, NULL, NULL, N'Argi P', CAST(N'2024-02-20T17:29:10.1227405' AS DateTime2), N'Argi P', CAST(N'2024-02-20T17:30:47.4916086' AS DateTime2), NULL, 0, N'[]')
INSERT [dbo].[Users] ([Id], [GroupId], [Name], [UserName], [Email], [Password], [NoRm], [GenderId], [MartialStatus], [PlaceOfBirth], [DateOfBirth], [TypeId], [NoId], [ExpiredId], [IdCardAddress1], [IdCardAddress2], [IdCardCountryId], [IdCardProvinceId], [IdCardCityId], [IdCardDistrictId], [IdCardVillageId], [IdCardRtRw], [IdCardZip], [DomicileAddress1], [DomicileAddress2], [DomicileCountryId], [DomicileProvinceId], [DomicileCityId], [DomicileDistrictId], [DomicileVillageId], [DomicileRtRw], [DomicileZip], [BiologicalMother], [MotherNIK], [ReligionId], [MobilePhone], [HomePhoneNumber], [Npwp], [NoBpjsKs], [NoBpjsTk], [SipNo], [SipFile], [SipExp], [StrNo], [StrFile], [StrExp], [SpecialityId], [UserPhoto], [JobPositionId], [DepartmentId], [EmergencyName], [EmergencyRelation], [EmergencyEmail], [EmergencyPhone], [BloodType], [DoctorCode], [EmployeeCode], [DegreeId], [IsEmployee], [IsPatient], [IsUser], [IsDoctor], [IsPhysicion], [IsNurse], [EmployeeStatus], [JoinDate], [NIP], [Legacy], [SAP], [Oracle], [EmailTemplateId], [CreatedBy], [CreatedDate], [UpdatedBy], [UpdatedDate], [EmployeeType], [IsEmployeeRelation], [DoctorServiceIds]) VALUES (84, NULL, N'Dr. Agus', N'agus@gmail.com', N'agus@gmail.com', N'', N'-', NULL, NULL, NULL, NULL, N'KTP', NULL, NULL, NULL, NULL, NULL, NULL, NULL, NULL, NULL, NULL, NULL, NULL, NULL, NULL, NULL, NULL, NULL, NULL, NULL, NULL, NULL, NULL, NULL, NULL, NULL, NULL, NULL, NULL, NULL, NULL, NULL, NULL, NULL, NULL, NULL, NULL, NULL, NULL, NULL, NULL, NULL, NULL, NULL, NULL, NULL, NULL, 0, 0, 0, 1, 1, 0, NULL, NULL, NULL, NULL, NULL, NULL, NULL, N'Argi P', CAST(N'2024-02-20T17:38:36.6585684' AS DateTime2), NULL, NULL, NULL, 0, N'[10]')
INSERT [dbo].[Users] ([Id], [GroupId], [Name], [UserName], [Email], [Password], [NoRm], [GenderId], [MartialStatus], [PlaceOfBirth], [DateOfBirth], [TypeId], [NoId], [ExpiredId], [IdCardAddress1], [IdCardAddress2], [IdCardCountryId], [IdCardProvinceId], [IdCardCityId], [IdCardDistrictId], [IdCardVillageId], [IdCardRtRw], [IdCardZip], [DomicileAddress1], [DomicileAddress2], [DomicileCountryId], [DomicileProvinceId], [DomicileCityId], [DomicileDistrictId], [DomicileVillageId], [DomicileRtRw], [DomicileZip], [BiologicalMother], [MotherNIK], [ReligionId], [MobilePhone], [HomePhoneNumber], [Npwp], [NoBpjsKs], [NoBpjsTk], [SipNo], [SipFile], [SipExp], [StrNo], [StrFile], [StrExp], [SpecialityId], [UserPhoto], [JobPositionId], [DepartmentId], [EmergencyName], [EmergencyRelation], [EmergencyEmail], [EmergencyPhone], [BloodType], [DoctorCode], [EmployeeCode], [DegreeId], [IsEmployee], [IsPatient], [IsUser], [IsDoctor], [IsPhysicion], [IsNurse], [EmployeeStatus], [JoinDate], [NIP], [Legacy], [SAP], [Oracle], [EmailTemplateId], [CreatedBy], [CreatedDate], [UpdatedBy], [UpdatedDate], [EmployeeType], [IsEmployeeRelation], [DoctorServiceIds]) VALUES (85, NULL, N'Dr Anis', N'anis@gmail.com', N'anis@gmail.com', N'', N'-', NULL, NULL, NULL, NULL, N'KTP', NULL, NULL, NULL, NULL, NULL, NULL, NULL, NULL, NULL, NULL, NULL, NULL, NULL, NULL, NULL, NULL, NULL, NULL, NULL, NULL, NULL, NULL, NULL, NULL, NULL, NULL, NULL, NULL, NULL, NULL, NULL, NULL, NULL, NULL, NULL, NULL, NULL, NULL, NULL, NULL, NULL, NULL, NULL, NULL, NULL, NULL, 0, 0, 0, 1, 1, 0, NULL, NULL, NULL, NULL, NULL, NULL, NULL, N'Argi P', CAST(N'2024-02-20T17:39:11.5397012' AS DateTime2), NULL, NULL, NULL, 0, N'[10]')
INSERT [dbo].[Users] ([Id], [GroupId], [Name], [UserName], [Email], [Password], [NoRm], [GenderId], [MartialStatus], [PlaceOfBirth], [DateOfBirth], [TypeId], [NoId], [ExpiredId], [IdCardAddress1], [IdCardAddress2], [IdCardCountryId], [IdCardProvinceId], [IdCardCityId], [IdCardDistrictId], [IdCardVillageId], [IdCardRtRw], [IdCardZip], [DomicileAddress1], [DomicileAddress2], [DomicileCountryId], [DomicileProvinceId], [DomicileCityId], [DomicileDistrictId], [DomicileVillageId], [DomicileRtRw], [DomicileZip], [BiologicalMother], [MotherNIK], [ReligionId], [MobilePhone], [HomePhoneNumber], [Npwp], [NoBpjsKs], [NoBpjsTk], [SipNo], [SipFile], [SipExp], [StrNo], [StrFile], [StrExp], [SpecialityId], [UserPhoto], [JobPositionId], [DepartmentId], [EmergencyName], [EmergencyRelation], [EmergencyEmail], [EmergencyPhone], [BloodType], [DoctorCode], [EmployeeCode], [DegreeId], [IsEmployee], [IsPatient], [IsUser], [IsDoctor], [IsPhysicion], [IsNurse], [EmployeeStatus], [JoinDate], [NIP], [Legacy], [SAP], [Oracle], [EmailTemplateId], [CreatedBy], [CreatedDate], [UpdatedBy], [UpdatedDate], [EmployeeType], [IsEmployeeRelation], [DoctorServiceIds]) VALUES (86, NULL, N'Dr. JokoW', N'joko@mail.com', N'joko@mail.com', N'', N'-', NULL, NULL, NULL, NULL, N'KTP', NULL, NULL, NULL, NULL, NULL, NULL, NULL, NULL, NULL, NULL, NULL, NULL, NULL, NULL, NULL, NULL, NULL, NULL, NULL, NULL, NULL, NULL, NULL, NULL, NULL, NULL, NULL, NULL, NULL, NULL, NULL, NULL, NULL, NULL, 21, NULL, NULL, NULL, NULL, NULL, NULL, NULL, NULL, NULL, NULL, NULL, 0, 0, 0, 1, 1, 0, NULL, NULL, NULL, NULL, NULL, NULL, NULL, N'Administrator', CAST(N'2024-02-20T17:50:17.3927400' AS DateTime2), N'Administrator', CAST(N'2024-02-20T17:50:45.8381843' AS DateTime2), NULL, 0, N'[10]')
SET IDENTITY_INSERT [dbo].[Users] OFF
GO
SET IDENTITY_INSERT [dbo].[Villages] ON 

INSERT [dbo].[Villages] ([Id], [ProvinceId], [CityId], [DistrictId], [Name], [PostalCode], [CreatedBy], [CreatedDate], [UpdatedBy], [UpdatedDate]) VALUES (2, 3, 4, 2, N'Pejaten timur', N'001', NULL, CAST(N'2024-01-23T03:30:37.4660251' AS DateTime2), NULL, NULL)
SET IDENTITY_INSERT [dbo].[Villages] OFF
GO